source,id,frames,length_counts,drive_frames,dc_frames,park_frames,batch_rate_median_hz,old_dbc,2024_dbc,varying_bit_masks_by_length
0,0x40,291491,"{""8"": 291491}",257642,819,33030,25.000146676614794,Airbag_01,Airbag_01,"{""8"": ""0xff1b80c385000fff""}"
0,0x86,2332216,"{""8"": 2332216}",2061186,6458,264572,200.3449312713497,LWI_01,LWI_01,"{""8"": ""0x3fffff0fff""}"
0,0x9f,1166293,"{""8"": 1166293}",1030592,3259,132442,100.00821095131406,LH_EPS_03,LH_EPS_03,"{""8"": ""0xc3ff01cfff3fff""}"
0,0xad,1165901,"{""8"": 1165901}",1030554,3276,132071,100.00679689641878,Getriebe_11,Getriebe_11,"{""8"": ""0x3c0000000fff""}"
0,0xb8,23326,"{""8"": 23326}",20612,66,2648,2.0000077247918036,EM1_HYB_13,EM1_HYB_13,"{""8"": ""0x20000401ff3000""}"
0,0xc0,1165924,"{""32"": 1165924}",1030587,3276,132061,100.00873483018704,EM1_01,EM1_01,"{""32"": ""0xbfffffffffff0005ff7ff5ff7ffffffffffffffffffffff""}"
0,0xdb,443,"{""48"": 443}",1,34,408,1.000019073850133,AWV_03,AWV_03,"{""48"": ""0x200000000200000000000000000000fff""}"
0,0xfc,1166229,"{""48"": 1166229}",1030585,3250,132394,100.00865606127982,ESC_51,ESC_51,"{""48"": ""0xfffbd2efffffff00000000000000000000000000000000ffffffffffff00ffffffffffffffffffff5fffffffff3fefff""}"
0,0xfd,583116,"{""8"": 583116}",515292,1625,66199,50.00172298886605,ESP_21,ESP_21,"{""8"": ""0x80ffff0f000fff""}"
0,0x102,583113,"{""48"": 583113}",515293,1625,66195,50.00205498072647,ESC_50,ESC_50,"{""48"": ""0xff7c0000000000003f1ffffe00000000fff00e0000000000390000080dff3000004fff03ffff7fff""}"
0,0x105,583113,"{""8"": 583113}",515291,1625,66197,50.00154579490965,VMM_01,VMM_01,"{""8"": ""0xfffcbff100100fff""}"
0,0x10b,582958,"{""32"": 582958}",515277,1638,66043,50.00127159809362,Motor_51,Motor_51,"{""32"": ""0x7f24900000000000000000000000000000001c005f0ff000fe0000003fffffff""}"
0,0x116,583116,"{""8"": 583116}",515293,1626,66197,50.002334451475555,ESP_10,ESP_10,"{""8"": ""0xffffffffffffffff""}"
0,0x11d,583145,"{""8"": 583145}",515296,1629,66220,50.00154976879834,LH_EPS_02,LH_EPS_02,"{""8"": ""0xff3f0fff""}"
0,0x126,419,"{""8"": 419}",1,31,387,0.9999718077997231,HCA_01,HCA_01,"{""8"": ""0x30000cfff""}"
0,0x12b,387468,"{""8"": 387468}",342297,1090,44081,33.22249963015979,GRA_ACC_01,GRA_ACC_01,"{""8"": ""0x43f1fff""}"
0,0x139,583116,"{""32"": 583116}",515292,1626,66198,50.00238429948454,VMM_02,VMM_02,"{""32"": ""0x7fffffff320342493b93bfff""}"
0,0x13d,1166288,"{""32"": 1166288}",1030591,3259,132438,100.00839511133556,QFK_01,QFK_01,"{""32"": ""0x1ffff000ffffff1711ff4fff""}"
0,0x14c,116774,"{""32"": 116774}",103229,328,13217,10.000214663542591,Motor_54,Motor_54,"{""32"": ""0xf880ff0000000000fe000010000020000223db6101010fff""}"
0,0x14d,21427,"{""32"": 21427}",50,1607,19770,50.000667391708504,ACC_18,ACC_18,"{""32"": ""0x3effb00000000000000000000000000000000000100000003800000000000fff""}"
0,0x183,10660,"{""64"": 10660}",25,797,9838,24.999378140341605,MEB_Camera_01,MEB_Camera_01,"{""64"": ""0xff7fffffffffffffff7ffffffffff7ffff7f7ff8007ff7ffff7ffff8557ff7ffffffffffffffffff7fff007ff7ff7fff7fff007ff7ff7ffffffffffff0780000""}"
0,0x1a4,844,"{""8"": 844}",2,63,779,1.9999612815723267,EA_01,EA_01,"{""8"": ""0x20000002fff""}"
0,0x1f0,845,"{""8"": 845}",2,63,780,2.0000492108055483,EA_02,EA_02,"{""8"": ""0x400000000000fff""}"
0,0x205,59096,"{""8"": 59096}",52074,182,6840,5.000011580357806,SAM_01,SAM_01,"{""8"": ""0x8460007400000fff""}"
0,0x206,21487,"{""24"": 21487}",50,1614,19823,49.99798941750167,Parken_01,Parken_01,"{""24"": ""0xfff""}"
0,0x20a,583219,"{""64"": 583219}",515269,1638,66312,50.00153983416533,EML_06,EML_06,"{""64"": ""0x27fffffff00ffffffff00ffffffffffffffff00ffffffff8003ffffffffffffffffff""}"
0,0x20b,21487,"{""8"": 21487}",50,1614,19823,49.99798941750167,,,"{""8"": ""0x0""}"
0,0x20d,13727,"{""16"": 13727}",12026,33,1668,1.0000020662986218,,,"{""16"": ""0x58415b7200b77000""}"
0,0x234,10660,"{""64"": 10660}",25,797,9838,24.999983568460078,MEB_Camera_02,MEB_Camera_02,"{""64"": ""0x3fffffffffffffbfffffffffffffffffffbfffffffffffefff1fffffffffffffffffffffff7fff7fff7ffffffffffffffff000""}"
0,0x24c,8607,"{""16"": 8607}",20,647,7940,19.997821011507853,MEB_Side_Assist_01,MEB_Side_Assist_01,"{""16"": ""0x80000000d00000000000016ffff000""}"
0,0x24d,8607,"{""64"": 8607}",20,647,7940,19.99870637739258,MEB_Side_Assist_02,MEB_Side_Assist_02,"{""64"": ""0xfbefbefbe000000001c000ffff000000""}"
0,0x24f,10725,"{""64"": 10725}",25,805,9895,24.999815428596953,Strukturen_01,Strukturen_01,"{""64"": ""0x3061df8080200039ffe270ff80200039fffff0ffffeff2ff803ff07ffff06306ffcb1000""}"
0,0x25d,194244,"{""8"": 194244}",171756,545,21943,16.666790688501212,KLR_01,KLR_01,"{""8"": ""0xfffffff0fff""}"
0,0x268,10735,"{""32"": 10735}",25,806,9904,24.997839196218685,,,"{""32"": ""0x0""}"
0,0x26b,4275,"{""8"": 4275}",10,320,3945,10.000040366895211,TA_01,TA_01,"{""8"": ""0xc00fff""}"
0,0x2b7,8607,"{""8"": 8607}",20,647,7940,19.998493308110458,RCTA_01,RCTA_01,"{""8"": ""0x10000000000fff""}"
0,0x300,7149,"{""48"": 7149}",16,536,6597,16.666689184007335,MEB_ACC_01,MEB_ACC_01,"{""48"": ""0x8c200000000000000180d40600000000000003008004000000ffc00000010000e34b8002200000000000000000""}"
0,0x303,443,"{""24"": 443}",1,34,408,1.0000258094773034,HCA_03,HCA_03,"{""24"": ""0x2000""}"
0,0x318,5346,"{""8"": 5346}",13,400,4933,12.499360531259628,MEB_Camera_03,MEB_Camera_03,"{""8"": ""0xffae1000""}"
0,0x31b,233243,"{""8"": 233243}",206118,648,26477,20.00039246892873,ESP_24,ESP_24,"{""8"": ""0xb7ff00fffe7fff""}"
0,0x352,4289,"{""8"": 4289}",10,322,3957,9.999463669176942,Parken_SM_03,Parken_SM_03,"{""8"": ""0x7""}"
0,0x366,19316,"{""8"": 19316}",17895,34,1387,1.0000429171860583,Blinkmodi_02,Blinkmodi_02,"{""8"": ""0x60243f803fff""}"
0,0x380,5364,"{""8"": 5364}",12,403,4949,12.499370436087254,APS_Master,APS_Master,"{""8"": ""0xa3c0003ff0610000""}"
0,0x397,4296,"{""8"": 4296}",10,322,3964,9.999415168774409,LDW_02,LDW_02,"{""8"": ""0x3e870000108000""}"
0,0x3be,116673,"{""8"": 116673}",103129,328,13216,10.000065442217563,Motor_14,Motor_14,"{""8"": ""0x54000fff""}"
0,0x3c0,116656,"{""4"": 116656}",103054,328,13274,10.000162456126159,Klemmen_Status_01,Klemmen_Status_01,"{""4"": ""0x70fff""}"
0,0x3ce,116673,"{""8"": 116673}",103065,328,13280,10.000103672050187,TSG_HFS_01,TSG_HFS_01,"{""8"": ""0xc103""}"
0,0x3cf,116690,"{""8"": 116690}",103068,329,13293,10.000129939814165,TSG_HBFS_01,TSG_HBFS_01,"{""8"": ""0x300000000000c303""}"
0,0x3d0,116808,"{""8"": 116808}",103106,328,13374,10.000386499676505,TSG_FT_01,TSG_FT_01,"{""8"": ""0x806407ffe08b03""}"
0,0x3d4,12591,"{""8"": 12591}",11230,33,1328,1.0000169280056688,SMLS_01,SMLS_01,"{""8"": ""0x73ffff""}"
0,0x3d5,116644,"{""8"": 116644}",103054,328,13262,10.000100794525592,Licht_Anf_01,Licht_Anf_01,"{""8"": ""0x20002c3cfff""}"
0,0x3d6,116649,"{""8"": 116649}",103055,326,13268,9.999970074447212,Licht_hinten_01,Licht_hinten_01,"{""8"": ""0x800""}"
0,0x3db,116982,"{""8"": 116982}",103388,326,13268,10.000210963786332,Gateway_72,Gateway_72,"{""8"": ""0xff0e00008a000809""}"
0,0x3dc,233343,"{""8"": 233343}",206128,656,26559,20.00027365978397,Gateway_73,Gateway_73,"{""8"": ""0xfe04f000000d8a7""}"
0,0x3e5,116680,"{""8"": 116680}",103082,326,13272,10.000468281499685,TSG_FT_02,TSG_FT_02,"{""8"": ""0x1003fff""}"
0,0x3ec,58409,"{""8"": 58409}",51593,164,6652,5.000015412105656,MEB_TSK_01,MEB_TSK_01,"{""8"": ""0xe0000000000046""}"
0,0x3fb,145736,"{""8"": 145736}",128819,410,16507,12.499995811566906,,,"{""8"": ""0x670000000fffffff""}"
0,0x407,4289,"{""8"": 4289}",10,322,3957,9.999143903957433,PLA_04,PLA_04,"{""8"": ""0x0""}"
0,0x464,77740,"{""8"": 77740}",68706,218,8816,6.666634543055009,PSD_06,PSD_06,"{""8"": ""0x0""}"
0,0x481,23324,"{""8"": 23324}",20611,66,2647,2.000000667572249,MainUnit_01,MainUnit_01,"{""8"": ""0x840""}"
0,0x48b,116640,"{""8"": 116640}",103054,328,13258,9.99994582172678,BEM_06,BEM_06,"{""8"": ""0xc000fff""}"
0,0x497,4289,"{""8"": 4289}",10,322,3957,9.999329677662425,Parkhilfe_01,Parkhilfe_01,"{""8"": ""0x0""}"
0,0x520,58337,"{""8"": 58337}",51535,164,6638,5.000031590661323,Airbag_02,Airbag_02,"{""8"": ""0x57ff050c000fff""}"
0,0x54b,859,"{""8"": 859}",2,63,794,2.0000407228554447,Parkhilfe_04,Parkhilfe_04,"{""8"": ""0x1010000000038""}"
0,0x551,58356,"{""8"": 58356}",51534,164,6658,5.000039254224236,WFS_01,WFS_01,"{""8"": ""0x4800e3""}"
0,0x555,419,"{""8"": 419}",1,31,387,0.999947669860474,,,"{""8"": ""0x0""}"
0,0x582,58330,"{""4"": 58330}",51530,164,6636,5.0000149863556045,,,"{""4"": ""0x807f1f""}"
0,0x583,58573,"{""8"": 58573}",51545,172,6856,5.000075869349064,ZV_02,ZV_02,"{""8"": ""0xc0000e041f8f1008""}"
0,0x585,12261,"{""8"": 12261}",10306,74,1881,1.0000069141865995,Systeminfo_01,Systeminfo_01,"{""8"": ""0xf0ff006dbb142f""}"
0,0x592,58337,"{""8"": 58337}",51528,165,6644,4.999995316782298,Kessy_04,Kessy_04,"{""8"": ""0x7c0000000""}"
0,0x5a0,58316,"{""8"": 58316}",51524,164,6628,4.999982516032004,RLS_01,RLS_01,"{""8"": ""0x30f001f00""}"
0,0x5a7,11665,"{""8"": 11665}",10305,33,1327,0.9999800328426991,TM_01,TM_01,"{""8"": ""0x7e0000000000""}"
0,0x5bf,175,"{""4"": 175}",149,0,26,1.4552872153015595,,,"{""4"": ""0x3001f""}"
0,0x5f0,58334,"{""8"": 58334}",51528,165,6641,4.999989867230958,Dimmung_01,Dimmung_01,"{""8"": ""0x26a600""}"
0,0x5f4,23346,"{""8"": 23346}",20615,68,2663,1.9999265062001497,Innenlicht_11,Innenlicht_11,"{""8"": ""0xc000000000""}"
0,0x641,11652,"{""8"": 11652}",10306,33,1313,0.9999890328656407,Motor_Code_01,Motor_Code_01,"{""8"": ""0x2000000000000fff""}"
0,0x643,11661,"{""8"": 11661}",10306,33,1322,0.999994158778932,Einheiten_01,Einheiten_01,"{""8"": ""0x1001382""}"
0,0x656,19313,"{""8"": 19313}",10308,656,8349,1.0000267035939223,ELV_01,ELV_01,"{""8"": ""0x1438fff""}"
0,0x658,13046,"{""8"": 13046}",11666,34,1346,1.0000392213945197,Licht_vorne_01,Licht_vorne_01,"{""8"": ""0x3000000804f000""}"
0,0x65d,11668,"{""8"": 11668}",10304,33,1331,0.999993920363252,ESP_20,ESP_20,"{""8"": ""0x10000000""}"
0,0x65f,23313,"{""8"": 23313}",20610,66,2637,1.9999750140451358,Motor_16,Motor_16,"{""8"": ""0xff1ffff000003000""}"
0,0x668,58534,"{""8"": 58534}",51757,164,6613,5.000127386886235,Klima_12,Klima_12,"{""8"": ""0x3ffeff00ff003004""}"
0,0x670,23313,"{""8"": 23313}",20610,66,2637,1.9999797823088719,Motor_18,Motor_18,"{""8"": ""0x0""}"
0,0x6ae,11690,"{""8"": 11690}",10308,32,1350,1.0000227694927422,Spiegel_01,Spiegel_01,"{""8"": ""0x200""}"
0,0x6af,419,"{""8"": 419}",1,31,387,0.9999880792131518,Rear_View_01,Rear_View_01,"{""8"": ""0x0""}"
0,0x6b2,11662,"{""8"": 11662}",10306,33,1323,0.9999924898711607,Diagnose_01,Diagnose_01,"{""8"": ""0x1ffe70000001ff01""}"
0,0x6b4,58323,"{""8"": 58323}",51527,164,6632,4.999998807907389,VIN_01,VIN_01,"{""8"": ""0x7d6f67757e7a5a03""}"
0,0x12dd5496,11669,"{""24"": 11669}",10306,33,1330,0.9999996423722592,,,"{""24"": ""0x400000000000000000000000022200000020020""}"
0,0x12dd54a7,2171,"{""32"": 2171}",5,164,2002,4.999785517629233,MEB_Camera_04,VZE_04,"{""32"": ""0x0""}"
0,0x12dd54c9,149940,"{""8"": 149940}",132825,409,16706,12.500706019863522,SAL_01,SAL_01,"{""8"": ""0x3ef430006e140fff""}"
0,0x12dd54d6,117029,"{""8"": 117029}",103073,350,13606,10.000027815578266,,,"{""8"": ""0x1ff000""}"
0,0x12dd54db,418,"{""24"": 418}",1,31,386,0.9999940395710494,,,"{""24"": ""0x0""}"
0,0x12dd54e9,4288,"{""8"": 4288}",10,322,3956,9.99979332002766,MEB_Camera_05,MEB_Camera_05,"{""8"": ""0x0""}"
0,0x12dd54ee,4288,"{""8"": 4288}",10,322,3956,9.999127464139015,,,"{""8"": ""0x4900000000000000""}"
0,0x12dd5501,11717,"{""8"": 11717}",10306,33,1378,1.0000020265620293,,,"{""8"": ""0xd000""}"
0,0x12dd5502,4289,"{""8"": 4289}",10,322,3957,9.999223667200996,AAA_01,AAA_01,"{""8"": ""0xfff""}"
0,0x12dd5524,869,"{""64"": 869}",2,66,801,1.9999513637926323,MEB_Camera_06,MEB_Camera_06,"{""64"": ""0x0""}"
0,0x12dd5538,24089,"{""8"": 24089}",20611,111,3367,2.0000108719463063,,,"{""8"": ""0xffff""}"
0,0x12dd5539,23691,"{""8"": 23691}",20611,82,2998,1.999978828654291,,,"{""8"": ""0x3de""}"
0,0x12dd553a,24026,"{""8"": 24026}",20611,103,3312,1.9999915759123672,,,"{""8"": ""0x7f7f""}"
0,0x12dd553b,23726,"{""8"": 23726}",20612,82,3032,2.0000056266943376,,,"{""8"": ""0x7e7e""}"
0,0x12dd553d,116647,"{""8"": 116647}",103054,326,13267,9.99998405064463,HVL_01,HVL_01,"{""8"": ""0x1f2ffffff""}"
0,0x12dd553f,116638,"{""8"": 116638}",103072,331,13235,9.999962675299688,,,"{""8"": ""0xf000""}"
0,0x16a9540a,11662,"{""8"": 11662}",10306,33,1323,0.9999924898711607,,,"{""8"": ""0x0""}"
0,0x16a9545f,418,"{""8"": 418}",1,31,386,0.9999731786292563,IPA_02,IPA_02,"{""8"": ""0x0""}"
0,0x16a954ad,2174,"{""8"": 2174}",5,165,2004,5.000172377109867,,MEB_AWV_01,"{""8"": ""0x10028000""}"
0,0x16a954b2,11665,"{""8"": 11665}",10306,33,1326,0.9999901057268649,,,"{""8"": ""0x0""}"
0,0x16a954b3,443,"{""16"": 443}",1,34,408,0.9999378362548887,MEB_Camera_07,MEB_Camera_07,"{""16"": ""0x0""}"
0,0x16a954ba,23321,"{""8"": 23321}",20612,66,2643,2.000001907350452,,,"{""8"": ""0x0""}"
0,0x16a954c2,251,"{""8"": 251}",0,17,234,3.988138287476584,,MEB_Radar_Unknown_01,"{""8"": ""0x1025ffffe""}"
0,0x16a954c4,241,"{""8"": 241}",1,17,223,5.178201032725612,MEB_Camera_08,MEB_Camera_08,"{""8"": ""0x100018067f5fff4""}"
0,0x16a954c5,201,"{""8"": 201}",0,14,187,,,,"{""8"": ""0x0""}"
0,0x16a954c6,286,"{""8"": 286}",0,23,263,5.045265490097705,,,"{""8"": ""0x3f0001fff3""}"
0,0x16a954fc,58323,"{""8"": 58323}",51527,166,6630,5.000000510897007,,,"{""8"": ""0x100000""}"
0,0x17330a00,55,"{""2"": 55}",0,6,49,,,,"{""2"": ""0x300""}"
0,0x17330a04,25,"{""2"": 25}",0,3,22,,,,"{""2"": ""0x300""}"
0,0x17330a10,947,"{""3"": 153, ""4"": 86, ""5"": 39, ""8"": 669}",1,85,861,6.327989124502338,,,"{""3"": ""0x1a8ff5"", ""4"": ""0x707b172"", ""5"": ""0x0"", ""8"": ""0xfffffffffffffff7""}"
0,0x17330b00,50,"{""2"": 50}",0,6,44,,,,"{""2"": ""0x300""}"
0,0x17330b10,696,"{""3"": 130, ""4"": 139, ""5"": 71, ""6"": 86, ""8"": 270}",1,60,635,1.0006279117259176,,,"{""3"": ""0xacff6"", ""4"": ""0x513fff72"", ""5"": ""0x40e9f2"", ""6"": ""0xf0f00070070"", ""8"": ""0xc57f3d3fcf7feff3""}"
0,0x17331a00,56,"{""2"": 56}",0,7,49,2.117742870451174,,,"{""2"": ""0x300""}"
0,0x17331a02,21,"{""2"": 21}",0,3,18,,,,"{""2"": ""0x300""}"
0,0x17331a10,610,"{""2"": 30, ""3"": 143, ""4"": 137, ""5"": 44, ""8"": 256}",1,49,560,4.852232593509339,,,"{""2"": ""0x0"", ""3"": ""0xb1f70"", ""4"": ""0xf0f9b76"", ""5"": ""0x0"", ""8"": ""0x4bfff5bb97f9bf7""}"
0,0x17333610,490,"{""3"": 137, ""4"": 70, ""5"": 52, ""6"": 85, ""8"": 146}",1,37,452,0.6668367289752389,,,"{""3"": ""0x1a1f00"", ""4"": ""0xff0700"", ""5"": ""0x97fd"", ""6"": ""0x1019ffd"", ""8"": ""0x85ff077e933f8fbd""}"
0,0x17335b00,34,"{""2"": 34}",0,5,29,,,,"{""2"": ""0x300""}"
0,0x17335b10,6172,"{""3"": 179, ""5"": 59, ""8"": 5934}",20,642,5510,19.033979329082783,MEB_Camera_09,MEB_Camera_09,"{""3"": ""0xa0b00"", ""5"": ""0x10"", ""8"": ""0xefff7fffff7fffff""}"
0,0x17335b11,598,"{""2"": 1, ""8"": 597}",0,0,598,50.00387748542398,MEB_Camera_10,MEB_Camera_10,"{""2"": ""0x0"", ""8"": ""0xffffffffffffff4f""}"
0,0x17f0000a,847,"{""8"": 847}",2,63,782,2.0001297797154347,,,"{""8"": ""0x0""}"
0,0x17f00010,23328,"{""8"": 23328}",20611,66,2651,2.000001335144934,,,"{""8"": ""0x0""}"
0,0x17f0004e,872,"{""8"": 872}",2,66,804,1.999988365241024,,,"{""8"": ""0x80011e1400000000""}"
0,0x17f0004f,869,"{""8"": 869}",2,66,801,1.9999362965847913,MEB_Camera_11,MEB_Camera_11,"{""8"": ""0x1""}"
0,0x17f00057,870,"{""8"": 870}",2,66,802,1.9998722158197813,,MEB_PACC_01,"{""8"": ""0x0""}"
0,0x17f00069,848,"{""8"": 848}",2,63,783,1.9999446884193761,,,"{""8"": ""0x0""}"
0,0x17fc034f,90,"{""8"": 90}",72,0,18,4.650351329340545,,,"{""8"": ""0xffffffffffff3100""}"
0,0x17fc0357,135,"{""8"": 135}",99,0,36,6.559774131159777,,,"{""8"": ""0xffffffffffff3700""}"
0,0x17fe0357,64,"{""8"": 64}",0,0,64,8.331231565592452,,,"{""8"": ""0xffffffffffff3f00""}"
0,0x1a555541,58316,"{""8"": 58316}",51526,164,6626,4.9999553820640665,EML_02,EML_02,"{""8"": ""0x7fbfdbe1ffff""}"
0,0x1a555548,23262,"{""8"": 23262}",20611,66,2585,1.999989605003984,,,"{""8"": ""0x0""}"
0,0x1a555553,11778,"{""8"": 11778}",10319,33,1426,1.0000135900437526,,,"{""8"": ""0x10000""}"
0,0x1a555564,11661,"{""8"": 11661}",10306,33,1322,0.9999991655356695,,,"{""8"": ""0x0""}"
0,0x1a555591,444,"{""8"": 444}",1,34,409,1.0000096560951612,,,"{""8"": ""0x20820""}"
0,0x1a555592,443,"{""8"": 443}",1,34,408,0.9998988015553473,MEB_Camera_12,MEB_Camera_12,"{""8"": ""0x1f40000""}"
0,0x1a5555a6,11658,"{""8"": 11658}",10306,33,1319,0.9999945164027507,,,"{""8"": ""0xff1000""}"
0,0x1a5555bf,11661,"{""8"": 11661}",10306,33,1322,0.9999778871658085,,,"{""8"": ""0x0""}"
0,0x1a555628,11669,"{""8"": 11669}",10306,33,1330,0.9999963045256806,,,"{""8"": ""0xfffee10000000""}"
0,0x1a55566b,11663,"{""16"": 11663}",10305,33,1325,0.9999791984117204,,,"{""16"": ""0x0""}"
0,0x1b00000a,662,"{""8"": 662}",5,60,597,4.999928549678292,,,"{""8"": ""0x50f0000""}"
0,0x1b000010,58138,"{""8"": 58138}",51528,141,6469,4.99997645627662,,,"{""8"": ""0xf0ff117d4f0000""}"
0,0x1b00004e,1287,"{""8"": 1287}",5,126,1156,4.9995003075718,,,"{""8"": ""0xb800050f0000""}"
0,0x1b00004f,660,"{""8"": 660}",5,60,595,4.999628484348968,MEB_Camera_13,MEB_Camera_13,"{""8"": ""0x50f0000""}"
0,0x1b000057,660,"{""8"": 660}",5,60,595,4.999319833424752,,MEB_Unknown_01,"{""8"": ""0x50f0000""}"
0,0x1b000069,663,"{""8"": 663}",5,60,598,4.9999657996105,,,"{""8"": ""0x50f0000""}"
0,0x1c40014e,8,"{""16"": 8}",0,0,8,,,,"{""16"": ""0x7bffffffefffffffff03000000""}"
0,0x1c40014f,12,"{""16"": 12}",0,0,12,,,,"{""16"": ""0x7fffffffffffffffff03000000""}"
0,0x1c400157,11,"{""16"": 11}",0,0,11,3.9460414338816268,,,"{""16"": ""0x7fffffffffffffffff03000000""}"
0,0x1c40018a,17,"{""16"": 17}",14,0,3,,,,"{""16"": ""0x7fffffffffffffffff00000000""}"
0,0x1c42014e,161,"{""16"": 7, ""8"": 154}",0,17,144,,,,"{""16"": ""0x7bffffffffffffffff03000000"", ""8"": ""0x0""}"
0,0x1c42014f,137,"{""16"": 10, ""8"": 127}",0,14,123,,,,"{""16"": ""0x7fffffffffffffffff03000000"", ""8"": ""0x0""}"
0,0x1c420157,149,"{""16"": 10, ""8"": 139}",0,15,134,3.4765331679277005,,,"{""16"": ""0x7fffffffffffffffff03000000"", ""8"": ""0x0""}"
1,0xf,17,"{""1"": 17}",0,0,17,,,,"{""1"": ""0x0""}"
1,0x18,104,"{""8"": 104}",18,0,86,,,,"{""8"": ""0xffffffffffffffff""}"
1,0x19,104,"{""8"": 104}",19,0,85,,,,"{""8"": ""0xffffffff""}"
1,0x40,338951,"{""8"": 338951}",257642,19216,62093,25.00015200230682,Airbag_01,Airbag_01,"{""8"": ""0xff1b80c385000fff""}"
1,0x41,13567,"{""8"": 13567}",10305,769,2493,0.9999961853172863,,,"{""8"": ""0xfff""}"
1,0x86,2568788,"{""8"": 2568788}",2061186,41356,466246,200.3433481825198,LWI_01,LWI_01,"{""8"": ""0x3fffff0fff""}"
1,0xa7,1355702,"{""8"": 1355702}",1030554,76866,248282,100.00583203742927,Motor_11,Motor_11,"{""8"": ""0x1ffffe07ffffffff""}"
1,0xa8,1355702,"{""8"": 1355702}",1030554,76866,248282,100.00590117983899,Motor_12,Motor_12,"{""8"": ""0x3fffffff""}"
1,0xad,1355702,"{""8"": 1355702}",1030554,76866,248282,100.00584788104769,Getriebe_11,Getriebe_11,"{""8"": ""0x3c0000000fff""}"
1,0xb5,1236322,"{""8"": 1236322}",1030563,29455,176304,100.00829797086806,,,"{""8"": ""0xb00000ff7fff""}"
1,0xb8,27119,"{""8"": 27119}",20612,1537,4970,1.9999898911033593,EM1_HYB_13,EM1_HYB_13,"{""8"": ""0x20000401ff3000""}"
1,0xbe,1355646,"{""48"": 1355646}",1030553,76866,248227,100.00707337219004,MEB_HVEM_01,MEB_HVEM_01,"{""48"": ""0xffffff0000007fe80300ff00000000000000000000000000000000000000000037fe3fffffc7ff9fff5700ffffffffff""}"
1,0xc0,1355709,"{""32"": 1355709}",1030589,76868,248252,100.00839511133556,EM1_01,EM1_01,"{""32"": ""0xbfffffffffff0005ff7ff5ff7ffffffffffffffffffffff""}"
1,0xcf,1352078,"{""8"": 1352078}",1030508,76862,244708,100.00636119052741,,,"{""8"": ""0xafffff7fff0f2fff""}"
1,0xdb,11666,"{""48"": 11666}",10305,34,1327,0.9999976158198933,AWV_03,AWV_03,"{""48"": ""0x2000000f0200200000000ff00fefcffff""}"
1,0xf6,1355702,"{""32"": 1355702}",1030554,76866,248282,100.00590117983899,,,"{""32"": ""0x8000400c004ff028000000003ff0007ff0007fffffffff3ffcfff""}"
1,0xf7,1352287,"{""8"": 1352287}",1030603,76870,244814,100.00836124388604,MEB_HVEM_02,MEB_HVEM_02,"{""8"": ""0x1ffffee400000fff""}"
1,0xfc,1284619,"{""48"": 1284619}",1030585,20698,233336,100.00835512956755,ESC_51,ESC_51,"{""48"": ""0xfffbd2efffffff00000000000000000000000000000000ffffffffffff00ffffffffffffffffffff5fffffffff3fefff""}"
1,0xfd,642316,"{""8"": 642316}",515292,10349,116675,50.00144775058318,ESP_21,ESP_21,"{""8"": ""0x80ffff0f000fff""}"
1,0x102,642303,"{""48"": 642303}",515293,10349,116661,50.001886718426135,ESC_50,ESC_50,"{""48"": ""0xff7c0000000000003f1ffffe00000000fff00e00000000003b0000080dff3000004fff03ffff7fff""}"
1,0x105,642310,"{""8"": 642310}",515291,10349,116670,50.00132153790835,VMM_01,VMM_01,"{""8"": ""0xfffcbff100100fff""}"
1,0x10b,677858,"{""32"": 677858}",515277,38433,124148,50.00086947978359,Motor_51,Motor_51,"{""32"": ""0x7f24900000000000000000000000000000001c005f0ff000fe0000003fffffff""}"
1,0x10c,10,"{""8"": 10}",2,0,8,,,,"{""8"": ""0x8000000000000000""}"
1,0x116,642318,"{""8"": 642318}",515293,10350,116675,50.00212598939008,ESP_10,ESP_10,"{""8"": ""0xffffffffffffffff""}"
1,0x12b,445947,"{""8"": 445947}",342297,25548,78102,33.22270962051474,GRA_ACC_01,GRA_ACC_01,"{""8"": ""0x43f1fff""}"
1,0x139,642318,"{""32"": 642318}",515292,10350,116676,50.00193351877287,VMM_02,VMM_02,"{""32"": ""0x7fffffff320342493b9bbfff""}"
1,0x13f,67795,"{""8"": 67795}",51527,3844,12424,4.999995401931631,PreCrash_02,PreCrash_02,"{""8"": ""0x0""}"
1,0x144,677858,"{""8"": 677858}",515278,38433,124147,50.0009985910917,,,"{""8"": ""0xffff""}"
1,0x14a,677855,"{""32"": 677855}",515277,38433,124145,50.001067524874586,,,"{""32"": ""0xfff00001ff00fb0000000000000000000000000000000000""}"
1,0x14c,135758,"{""32"": 135758}",103229,7686,24843,10.00012835031579,Motor_54,Motor_54,"{""32"": ""0xf880ff0000000000fe000010000020000223db6101010fff""}"
1,0x14d,582750,"{""32"": 582750}",515292,1607,65851,50.00184582530553,ACC_18,ACC_18,"{""32"": ""0x3efff000000000000000000000000000000000001400a7fe7b505007ff400fff""}"
1,0x153,67777,"{""8"": 67777}",51529,3843,12405,4.999997530665936,MSG_HYB_30,MSG_HYB_30,"{""8"": ""0x3f8000""}"
1,0x176,642364,"{""8"": 642364}",515295,10354,116715,50.00167693357992,,,"{""8"": ""0xfeff7f1f02e71fff""}"
1,0x1a4,23296,"{""8"": 23296}",20613,63,2620,1.9999819757178634,EA_01,EA_01,"{""8"": ""0x20000002fff""}"
1,0x200,271137,"{""32"": 271137}",206112,15374,49651,20.00040944177997,,,"{""32"": ""0x800000002400000000004000000000001000""}"
1,0x206,582760,"{""24"": 582760}",515244,1614,65902,50.001439789681285,Parken_01,Parken_01,"{""24"": ""0x40000400b01000000000000000fff""}"
1,0x24f,291380,"{""64"": 291380}",257641,805,32934,25.00041563210705,Strukturen_01,Strukturen_01,"{""64"": ""0x1f3efffffffffffffffffffffffffffffffffffffffffffffffffffffffffffffffff1000""}"
1,0x260,271169,"{""8"": 271169}",206109,15373,49687,19.999965314874323,,,"{""8"": ""0xffe0000000000000""}"
1,0x272,135593,"{""8"": 135593}",103055,7688,24850,10.000012003156666,,,"{""8"": ""0x4d5e1940000000""}"
1,0x2c2,27216,"{""8"": 27216}",20704,1537,4975,2.0000003814697993,Motor_41,Motor_41,"{""8"": ""0x60000057f""}"
1,0x31b,256920,"{""8"": 256920}",206118,4140,46662,20.00027204334037,ESP_24,ESP_24,"{""8"": ""0xb7ff00fffe7fff""}"
1,0x331,26760,"{""8"": 26760}",20541,1533,4686,1.9922820578127238,MFL_01,MFL_01,"{""8"": ""0x0""}"
1,0x365,271170,"{""8"": 271170}",206109,15373,49688,20.00011204388992,NVEM_05,NVEM_05,"{""8"": ""0x3f""}"
1,0x366,21334,"{""8"": 21334}",17895,772,2667,1.000035764065888,Blinkmodi_02,Blinkmodi_02,"{""8"": ""0x60243f803fff""}"
1,0x378,13422,"{""8"": 13422}",10306,769,2347,1.000015318628396,GNSS_04,GNSS_04,"{""8"": ""0xffff7ffffff""}"
1,0x37b,13422,"{""8"": 13422}",10306,769,2347,1.0000154974478088,GNSS_05,GNSS_05,"{""8"": ""0xfffff6ac27fff""}"
1,0x394,84763,"{""8"": 84763}",64427,4804,15532,6.250013721516058,WBA_03,WBA_03,"{""8"": ""0x2000000000ffff""}"
1,0x3b5,135215,"{""8"": 135215}",103061,7687,24467,9.999933900941254,Klima_11,Klima_11,"{""8"": ""0xfe28ff0f001200c6""}"
1,0x3be,135651,"{""8"": 135651}",103129,7687,24835,10.000010331482436,Motor_14,Motor_14,"{""8"": ""0x54000fff""}"
1,0x3c0,135599,"{""4"": 135599}",103055,7687,24857,10.000048177227743,Klemmen_Status_01,Klemmen_Status_01,"{""4"": ""0x70fff""}"
1,0x3c7,135566,"{""8"": 135566}",103056,7687,24823,9.999959386793194,Motor_26,Motor_26,"{""8"": ""0xff""}"
1,0x3d4,13289,"{""8"": 13289}",11230,295,1764,1.0000154974478088,SMLS_01,SMLS_01,"{""8"": ""0x73ffff""}"
1,0x3d6,135586,"{""8"": 135586}",103055,7687,24844,9.999942492125612,Licht_hinten_01,Licht_hinten_01,"{""8"": ""0x800""}"
1,0x3db,135923,"{""8"": 135923}",103388,7687,24848,10.00013696923906,Gateway_72,Gateway_72,"{""8"": ""0xff0e00008a00082b""}"
1,0x3fb,169460,"{""8"": 169460}",128819,9608,31033,12.499958558799907,,,"{""8"": ""0x670000000fffffff""}"
1,0x421,135616,"{""8"": 135616}",103052,7686,24878,9.999921158064051,,,"{""8"": ""0x80000""}"
1,0x462,89489,"{""8"": 89489}",68703,5124,15662,6.666613350564027,PSD_04,PSD_04,"{""8"": ""0x0""}"
1,0x463,89486,"{""8"": 89486}",68702,5124,15660,6.666655735680729,PSD_05,PSD_05,"{""8"": ""0x0""}"
1,0x464,89483,"{""8"": 89483}",68706,5125,15652,6.666609976508859,PSD_06,PSD_06,"{""8"": ""0x0""}"
1,0x481,26857,"{""8"": 26857}",20611,1537,4709,1.999998092653477,MainUnit_01,MainUnit_01,"{""8"": ""0x840""}"
1,0x483,27129,"{""8"": 27129}",20613,1537,4979,1.9999572763033016,Motor_Hybrid_06,Motor_Hybrid_06,"{""8"": ""0xeb4aa0feb4""}"
1,0x503,135620,"{""8"": 135620}",103056,7688,24876,9.999938011553693,HVK_01,HVK_01,"{""8"": ""0x3f7e2703f008fff""}"
1,0x520,67851,"{""8"": 67851}",51535,3844,12472,5.000035592741253,Airbag_02,Airbag_02,"{""8"": ""0x57ff050c000fff""}"
1,0x545,67810,"{""8"": 67810}",51530,3844,12436,4.999998992397949,Airbag_04,Airbag_04,"{""8"": ""0x6a05500d00fff""}"
1,0x551,67825,"{""8"": 67825}",51534,3843,12448,5.00001413485572,WFS_01,WFS_01,"{""8"": ""0x4800e3""}"
1,0x569,28600,"{""8"": 28600}",21815,1671,5114,2.000291707935656,MEB_HVEM_03,MEB_HVEM_03,"{""8"": ""0x2c7f0601003f""}"
1,0x583,68115,"{""8"": 68115}",51545,3859,12711,5.000046917810639,ZV_02,ZV_02,"{""8"": ""0xc0000e041f8f1008""}"
1,0x585,16651,"{""8"": 16651}",10306,2202,4143,1.0000250941851565,Systeminfo_01,Systeminfo_01,"{""8"": ""0xf0ff007dbf142f""}"
1,0x58c,13624,"{""8"": 13624}",10316,769,2539,0.9999982714682929,Klemmen_Steuerung_01,Klemmen_Steuerung_01,"{""8"": ""0x20845fff""}"
1,0x5a2,27078,"{""8"": 27078}",20611,1537,4930,1.9999629981211056,BMS_04,BMS_04,"{""8"": ""0x121780cfff""}"
1,0x5ac,135587,"{""8"": 135587}",103055,7687,24845,10.000044066524667,HVEM_02,HVEM_02,"{""8"": ""0x400ff7ff7f1f8000""}"
1,0x5be,25696,"{""8"": 25696}",20611,415,4670,1.9999923706345726,,,"{""8"": ""0x9f800000""}"
1,0x5cd,27169,"{""8"": 27169}",20612,1538,5019,1.999987411578258,DCDC_03,DCDC_03,"{""8"": ""0xff00370001084fff""}"
1,0x5e1,61810,"{""8"": 61810}",51524,1473,8813,4.999970240429486,Klima_Sensor_02,Klima_Sensor_02,"{""8"": ""0x800000ff""}"
1,0x5e7,67612,"{""8"": 67612}",51531,3843,12238,4.999990931595502,,,"{""8"": ""0x50000ff417effff""}"
1,0x5e9,67612,"{""8"": 67612}",51531,3843,12238,5.0000030653836465,Klima_Sensor_04,Klima_Sensor_04,"{""8"": ""0x100100""}"
1,0x5f0,67820,"{""8"": 67820}",51528,3852,12440,4.999984332542468,Dimmung_01,Dimmung_01,"{""8"": ""0x7efebb""}"
1,0x640,27108,"{""8"": 27108}",20610,1537,4961,1.9999794962124064,Motor_07,Motor_07,"{""8"": ""0x0""}"
1,0x641,13550,"{""8"": 13550}",10306,769,2475,0.9999905229512995,Motor_Code_01,Motor_Code_01,"{""8"": ""0x2000000000000fff""}"
1,0x643,13544,"{""8"": 13544}",10306,769,2469,0.9999853970753105,Einheiten_01,Einheiten_01,"{""8"": ""0x1001382""}"
1,0x64a,25695,"{""4"": 25695}",20611,415,4669,2.0000133515295606,,,"{""4"": ""0x21500000""}"
1,0x65d,12847,"{""8"": 12847}",10304,207,2336,0.9999912977975918,ESP_20,ESP_20,"{""8"": ""0x10000000""}"
1,0x65f,27108,"{""8"": 27108}",20610,1537,4961,1.9999799730399153,Motor_16,Motor_16,"{""8"": ""0xff1ffff000003000""}"
1,0x670,27108,"{""8"": 27108}",20610,1537,4961,1.9999813081580926,Motor_18,Motor_18,"{""8"": ""0x0""}"
1,0x6b2,13558,"{""8"": 13558}",10306,769,2483,0.9999880792131518,Diagnose_01,Diagnose_01,"{""8"": ""0x1ffe70000ec7ff01""}"
1,0x6b4,67794,"{""8"": 67794}",51527,3843,12424,4.999986035522226,VIN_01,VIN_01,"{""8"": ""0x7d6f67757e7a5a03""}"
1,0x12dd5496,13567,"{""24"": 13567}",10306,769,2492,0.9999991655358969,,,"{""24"": ""0x400000000000000000000000022200000020020""}"
1,0x12dd5497,128468,"{""16"": 128468}",103058,2070,23340,10.00002315337527,,,"{""16"": ""0x400000ffbfbf0fff""}"
1,0x12dd54a7,58305,"{""32"": 58305}",51530,164,6611,5.000053304150589,MEB_Camera_04,VZE_04,"{""32"": ""0x0""}"
1,0x12dd54aa,135566,"{""32"": 135566}",103056,7687,24823,9.999959386793194,,,"{""32"": ""0x33dfffffffffff00ffff7fd0000003ffe3ffff7fdfff""}"
1,0x12dd54b1,135574,"{""32"": 135574}",103059,7686,24829,9.999974006961887,,,"{""32"": ""0x3f8ffffffff7ff5ffff00ffc000008030018030017000""}"
1,0x12dd54bf,12364,"{""8"": 12364}",10306,296,1762,0.9999917746266783,,,"{""8"": ""0x0""}"
1,0x12dd54d0,135207,"{""8"": 135207}",103052,7686,24469,9.999895096925735,,Charging_Dynamics,"{""8"": ""0xffffffffff3ff000""}"
1,0x12dd54d1,135207,"{""8"": 135207}",103052,7686,24469,9.999899782987846,,,"{""8"": ""0xffffffc3fffee000""}"
1,0x12dd5501,13615,"{""8"": 13615}",10306,769,2540,0.9999942779868574,,,"{""8"": ""0xd000""}"
1,0x12dd553d,135587,"{""8"": 135587}",103055,7688,24844,9.999954700675174,HVL_01,HVL_01,"{""8"": ""0x1f2ffffff""}"
1,0x12dd553f,135634,"{""8"": 135634}",103072,7692,24870,9.999942478423279,,,"{""8"": ""0xf000""}"
1,0x12e00076,15,"{""8"": 15}",11,0,4,,,,"{""8"": ""0xffffffffffffffff""}"
1,0x12e01076,19,"{""8"": 19}",2,0,17,,,,"{""8"": ""0xffffffffffffffff""}"
1,0x12e20076,15,"{""8"": 15}",11,0,4,,,,"{""8"": ""0xffffffffffffffff""}"
1,0x12e21076,19,"{""16"": 19}",2,0,17,,,,"{""16"": ""0xffffffffffffffff003efaa3e3ffffff""}"
1,0x16a9545f,11642,"{""8"": 11642}",10305,31,1306,0.9999885957747303,IPA_02,IPA_02,"{""8"": ""0x0""}"
1,0x16a954a6,67604,"{""8"": 67604}",51524,3844,12236,4.999994337565168,,Battery_Temperatures,"{""8"": ""0x7ff7ffff7f2e0fff""}"
1,0x16a954ad,59023,"{""8"": 59023}",52240,165,6618,5.0002295735727795,,MEB_AWV_01,"{""8"": ""0xff00000010029000""}"
1,0x16a954b4,27307,"{""8"": 27307}",20785,1538,4984,2.0000154496432705,,,"{""8"": ""0x3bf3f7fbee36d80""}"
1,0x16a954c2,6301,"{""8"": 6301}",5591,17,693,1.5382579079851768,,MEB_Radar_Unknown_01,"{""8"": ""0xff7fffffffffffff""}"
1,0x16a954c3,6933,"{""8"": 6933}",5620,104,1209,1.3230773355835164,,,"{""8"": ""0x1023002ff1effff""}"
1,0x16a954c4,9135,"{""8"": 9135}",8428,17,690,2.2898655621688406,MEB_Camera_08,MEB_Camera_08,"{""8"": ""0x1909ff1fffffff4""}"
1,0x16a954c5,5814,"{""8"": 5814}",5152,14,648,,,,"{""8"": ""0x0""}"
1,0x16a954c6,5921,"{""8"": 5921}",5161,23,737,1.5007517527180816,,,"{""8"": ""0x3f0003fff3""}"
1,0x16a954c7,10128,"{""8"": 10128}",8853,103,1172,1.0000025034013476,,,"{""8"": ""0xfffffffffffffb""}"
1,0x16a954e0,13562,"{""8"": 13562}",10306,769,2487,1.0000028610311347,,,"{""8"": ""0x0""}"
1,0x16a954ea,67795,"{""8"": 67795}",51527,3844,12424,5.000000085149494,,,"{""8"": ""0x15000""}"
1,0x16a954fc,67707,"{""8"": 67707}",51527,3850,12330,5.00000005676637,,,"{""8"": ""0x100000""}"
1,0x16a954fd,51498,"{""3"": 51498}",42938,1222,7338,4.166602908734403,,,"{""3"": ""0x5fff""}"
1,0x17331c10,16543,"{""3"": 7468, ""5"": 1834, ""7"": 3552, ""8"": 3689}",12750,891,2902,1.0003983176212117,,,"{""3"": ""0x7f1f70"", ""5"": ""0x0"", ""7"": ""0x307777700070"", ""8"": ""0x4c5052543344ab7""}"
1,0x17333c10,15279,"{""3"": 5076, ""4"": 17, ""5"": 1698, ""6"": 1688, ""8"": 6800}",11591,865,2823,0.6671707256509593,,,"{""3"": ""0xa1b00"", ""4"": ""0x0"", ""5"": ""0x0"", ""6"": ""0x0"", ""8"": ""0x557033c033f1fbf""}"
1,0x17335d00,31,"{""2"": 31}",0,0,31,,,,"{""2"": ""0x300""}"
1,0x17335d10,18130,"{""3"": 4508, ""5"": 4511, ""7"": 18, ""8"": 9093}",13740,1025,3365,0.6667155195640753,,,"{""3"": ""0x0"", ""5"": ""0x0"", ""7"": ""0x0"", ""8"": ""0x15f387f0b731bf0""}"
1,0x17f00010,27116,"{""8"": 27116}",20611,1537,4968,1.9999961853100103,,,"{""8"": ""0x0""}"
1,0x17f00015,27125,"{""8"": 27125}",20610,1537,4978,2.000023460663545,,,"{""8"": ""0x4000000000""}"
1,0x17f00076,27108,"{""8"": 27108}",20610,1537,4961,1.9999799730399153,,,"{""8"": ""0x0""}"
1,0x17f0007c,27118,"{""8"": 27118}",20612,1537,4969,2.000004386911769,,,"{""8"": ""0x1010f4f00000000""}"
1,0x17fc0376,60,"{""8"": 60}",44,0,16,74.20263600176912,,,"{""8"": ""0xffffffffffff3300""}"
1,0x17fe0376,60,"{""8"": 60}",44,0,16,61.62867764102012,,,"{""8"": ""0xffffffffffff3300""}"
1,0x1a555444,27108,"{""8"": 27108}",20610,1537,4961,1.9999797823088719,,,"{""8"": ""0x1a57d0000000000""}"
1,0x1a555521,12847,"{""8"": 12847}",10306,207,2334,1.0000032186611776,,,"{""8"": ""0xffc0000000000fff""}"
1,0x1a555541,67793,"{""8"": 67793}",51526,3843,12424,4.9999536791051895,EML_02,EML_02,"{""8"": ""0x7fbfdbe1ffff""}"
1,0x1a555548,26945,"{""8"": 26945}",20611,1537,4797,1.9999893189046996,,,"{""8"": ""0x0""}"
1,0x1a555549,27118,"{""8"": 27118}",20612,1537,4969,1.9999974250826653,,,"{""8"": ""0xff02c8d10fffe07f""}"
1,0x1a555550,27037,"{""8"": 27037}",20610,1537,4890,1.999958992845205,,,"{""8"": ""0x197f0019fd8000""}"
1,0x1a555551,27037,"{""8"": 27037}",20610,1537,4890,1.9999664312275032,,,"{""8"": ""0xfe8f7ffe0ffd8000""}"
1,0x1a555564,13558,"{""8"": 13558}",10306,769,2483,1.000001430513521,,,"{""8"": ""0x0""}"
1,0x1a5555a6,13558,"{""8"": 13558}",10306,769,2483,0.999987363974993,,,"{""8"": ""0xff1000""}"
1,0x1a5555a7,27155,"{""8"": 27155}",20639,1540,4976,2.000891224142668,,,"{""8"": ""0x131ffffffb1ffc0""}"
1,0x1a5555a8,27155,"{""8"": 27155}",20639,1540,4976,2.00088988781138,,,"{""8"": ""0xffffffffffffffff""}"
1,0x1a5555ac,13559,"{""8"": 13559}",10306,769,2484,0.999982595746653,,,"{""8"": ""0x3efaa3e3ffffff00""}"
1,0x1a5555b0,13515,"{""8"": 13515}",10304,768,2443,0.9999961853172863,,,"{""8"": ""0x3ff0ff0000000000""}"
1,0x1a5555b2,27037,"{""8"": 27037}",20610,1537,4890,1.9999742511249636,,Charging_Optimization,"{""8"": ""0x14029b000""}"
1,0x1a5555b7,13559,"{""8"": 13559}",10305,769,2485,0.999993085909011,,,"{""8"": ""0xf01f0000fff000""}"
1,0x1a5555b8,13559,"{""8"": 13559}",10305,769,2485,0.999982118926306,,,"{""8"": ""0x1fffd800000""}"
1,0x1a5555bf,13559,"{""8"": 13559}",10306,769,2484,0.9999768739326546,,,"{""8"": ""0x0""}"
1,0x1a555628,13558,"{""8"": 13558}",10306,769,2483,0.9999940395710494,,,"{""8"": ""0xfffee10000000""}"
1,0x1a55566b,13559,"{""16"": 13559}",10305,769,2485,0.9999755626928387,,,"{""16"": ""0x0""}"
1,0x1b000010,67733,"{""8"": 67733}",51528,3844,12361,4.999960065207105,,,"{""8"": ""0xf0ff117d4d0000""}"
1,0x1b000015,56575,"{""8"": 56575}",51527,0,5048,5.000040957241406,,,"{""8"": ""0x5090000""}"
1,0x1b000076,63830,"{""8"": 63830}",51527,3843,8460,5.00000689711841,,,"{""8"": ""0x340070d0000""}"
1,0x1b00007c,63924,"{""8"": 63924}",51529,3843,8552,4.999994550438418,,,"{""8"": ""0x1f0d0000""}"
1,0x1c400115,6,"{""16"": 6}",0,0,6,,,,"{""16"": ""0x3cfffdffffffffffff03000000""}"
1,0x1c420115,415,"{""16"": 6, ""8"": 409}",0,0,415,,,,"{""16"": ""0x3cffffff7fffffffdf03000000"", ""8"": ""0x0""}"
2,0x40,786,"{""8"": 786}",25,0,761,24.999974171347283,Airbag_01,Airbag_01,"{""8"": ""0xff02804385000fff""}"
2,0x86,6292,"{""8"": 6292}",200,0,6092,200.32401349413735,LWI_01,LWI_01,"{""8"": ""0x20ff0fff""}"
2,0x9f,3147,"{""8"": 3147}",99,0,3048,99.99966962106046,LH_EPS_03,LH_EPS_03,"{""8"": ""0x800f00808f0fff""}"
2,0xad,3148,"{""8"": 3148}",100,0,3048,99.99966962106046,Getriebe_11,Getriebe_11,"{""8"": ""0x140000000fff""}"
2,0xb8,63,"{""8"": 63}",2,0,61,1.9999353429716809,EM1_HYB_13,EM1_HYB_13,"{""8"": ""0x3000""}"
2,0xc0,3147,"{""32"": 3147}",100,0,3047,100.0042540119791,EM1_01,EM1_01,"{""32"": ""0x7ff00010000008fff""}"
2,0xdb,11262,"{""48"": 11262}",10305,0,957,0.9999972581938579,AWV_03,AWV_03,"{""48"": ""0x2000000f0200200000000ff00fefcffff""}"
2,0xfc,3145,"{""48"": 3145}",100,0,3045,100.0042540119791,ESC_51,ESC_51,"{""48"": ""0xf3f3f3f3f00fefe00000000000000001ff3fc00003fcfff""}"
2,0xfd,1573,"{""8"": 1573}",50,0,1523,50.00154976879834,ESP_21,ESP_21,"{""8"": ""0xfff""}"
2,0x102,1572,"{""48"": 1572}",50,0,1522,50.01778739118983,ESC_50,ESC_50,"{""48"": ""0x3f0007fc0000000000000000000000002000000005ff000000401f03ffff0fff""}"
2,0x105,1573,"{""8"": 1573}",50,0,1523,49.99983481053023,VMM_01,VMM_01,"{""8"": ""0x7e0807000000fff""}"
2,0x10b,1577,"{""32"": 1577}",50,0,1527,50.00154976879834,Motor_51,Motor_51,"{""32"": ""0x7e24900000000000000000000000000000000c000f000000000000001fd00fff""}"
2,0x116,1573,"{""8"": 1573}",50,0,1523,49.999948342694566,ESP_10,ESP_10,"{""8"": ""0xfff""}"
2,0x11d,1573,"{""8"": 1573}",50,0,1523,49.973744040977564,LH_EPS_02,LH_EPS_02,"{""8"": ""0xfff""}"
2,0x126,11263,"{""8"": 11263}",10307,0,956,1.0000147821704137,HCA_01,HCA_01,"{""8"": ""0xfff""}"
2,0x12b,1045,"{""8"": 1045}",33,0,1012,33.229945569111095,GRA_ACC_01,GRA_ACC_01,"{""8"": ""0xfff""}"
2,0x139,1572,"{""32"": 1572}",50,0,1522,49.972696500687775,VMM_02,VMM_02,"{""32"": ""0x3ffffe0003020008110fff""}"
2,0x13d,3145,"{""32"": 3145}",100,0,3045,99.8900669696017,QFK_01,QFK_01,"{""32"": ""0x8ef0000084bf1000000fff""}"
2,0x14c,318,"{""32"": 318}",10,0,308,10.000888475885642,Motor_54,Motor_54,"{""32"": ""0x80000000000000fe000000000000000003db6101010fff""}"
2,0x14d,563124,"{""32"": 563124}",515281,0,47843,50.001589507723104,ACC_18,ACC_18,"{""32"": ""0x7ffff000000000000000000000000000000000001000a7fffb7f3f7fff0f4fff""}"
2,0x183,281577,"{""64"": 281577}",257654,0,23923,25.000531298097542,MEB_Camera_01,MEB_Camera_01,"{""64"": ""0xffffffffffffffffffffffffffffffffffffffffffffffffffffffffffffffffffffffffffffffffffff007ff7ff7fffffff007ff7ff7fffffffffffff780000""}"
2,0x1a4,22527,"{""8"": 22527}",20613,0,1914,1.9999879837758086,EA_01,EA_01,"{""8"": ""0xfff""}"
2,0x1f0,22529,"{""8"": 22529}",20613,0,1916,1.9999914169684416,EA_02,EA_02,"{""8"": ""0x400000000000fff""}"
2,0x205,182,"{""8"": 182}",5,0,177,5.000946275064983,SAM_01,SAM_01,"{""8"": ""0x60001400000fff""}"
2,0x206,563082,"{""24"": 563082}",515244,0,47838,50.00163322061329,Parken_01,Parken_01,"{""24"": ""0x40000400b01000000000000000fff""}"
2,0x20a,1572,"{""64"": 1572}",50,0,1522,49.99983481053023,EML_06,EML_06,"{""64"": ""0x7f000800003f3fffff00000000000000000000fcff3fff00000004000003ffffffff""}"
2,0x20b,563082,"{""8"": 563082}",515244,0,47838,50.00163322061329,,,"{""8"": ""0x0""}"
2,0x20d,32,"{""16"": 32}",1,0,31,0.9999103030791796,,,"{""16"": ""0x0""}"
2,0x234,281577,"{""64"": 281577}",257654,0,23923,25.00053935312422,MEB_Camera_02,MEB_Camera_02,"{""64"": ""0x3fffffffffffffbfffffffffffffffffffffffffffffffffffffffffffffffffffffffffff7fff7fff7ffffffffffffffff000""}"
2,0x24c,225259,"{""16"": 225259}",206120,0,19139,20.000675353532138,MEB_Side_Assist_01,MEB_Side_Assist_01,"{""16"": ""0x80000000180000000000036ffff000""}"
2,0x24d,225259,"{""64"": 225259}",206120,0,19139,20.00053956792377,MEB_Side_Assist_02,MEB_Side_Assist_02,"{""64"": ""0xbfffffeeffff7fffffffffeeffffffffffffffdeffff7fffffffffdeffff7fff7fdfffc8ffff7fff7fffffceffffffff3ff7df7ff3ff0000ff8000fffe3ff000""}"
2,0x24f,281562,"{""64"": 281562}",257642,0,23920,25.000213128695417,Strukturen_01,Strukturen_01,"{""64"": ""0x1f3efffffffffffffffffffffffffffffffffffffffffffffffffffffffffffffffff1000""}"
2,0x25d,506,"{""8"": 506}",14,0,492,16.65755897473139,KLR_01,KLR_01,"{""8"": ""0xeffffff0fff""}"
2,0x268,281543,"{""32"": 281543}",257622,0,23921,24.999995650472624,,,"{""32"": ""0x0""}"
2,0x26b,112630,"{""8"": 112630}",103061,0,9569,10.00018136583602,TA_01,TA_01,"{""8"": ""0xc00fff""}"
2,0x2b7,225259,"{""8"": 225259}",206120,0,19139,20.000605844002283,RCTA_01,RCTA_01,"{""8"": ""0x3000fc00000fff""}"
2,0x300,187706,"{""48"": 187706}",171759,0,15947,16.666928552776486,MEB_ACC_01,MEB_ACC_01,"{""48"": ""0xffdff7fcff3fc6007fc00fff87f46e00000000000007008004000000ffc000000f032ce7fffff2200000000000000000""}"
2,0x303,11262,"{""24"": 11262}",10307,0,955,1.0000045299735234,HCA_03,HCA_03,"{""24"": ""0x0""}"
2,0x318,140790,"{""8"": 140790}",128827,0,11963,12.500192147386187,MEB_Camera_03,MEB_Camera_03,"{""8"": ""0x40000000ffee1000""}"
2,0x31b,629,"{""8"": 629}",20,0,609,19.978013393920342,ESP_24,ESP_24,"{""8"": ""0x80000000007fff""}"
2,0x352,112616,"{""8"": 112616}",103050,0,9566,10.000053932217726,Parken_SM_03,Parken_SM_03,"{""8"": ""0x7""}"
2,0x366,37,"{""8"": 37}",1,0,36,0.9999589936859813,Blinkmodi_02,Blinkmodi_02,"{""8"": ""0xfff""}"
2,0x380,140771,"{""8"": 140771}",128810,0,11961,12.499926032729213,APS_Master,APS_Master,"{""8"": ""0xffc0003ff0610000""}"
2,0x397,112636,"{""8"": 112636}",103060,0,9576,10.000150205960983,LDW_02,LDW_02,"{""8"": ""0x3fff0000100000""}"
2,0x3be,318,"{""8"": 318}",10,0,308,10.003246128937084,Motor_14,Motor_14,"{""8"": ""0x50000fff""}"
2,0x3c0,314,"{""4"": 314}",10,0,304,9.997315333007952,Klemmen_Status_01,Klemmen_Status_01,"{""4"": ""0xfff""}"
2,0x3ce,314,"{""8"": 314}",10,0,304,9.996448608113731,TSG_HFS_01,TSG_HFS_01,"{""8"": ""0x0""}"
2,0x3cf,315,"{""8"": 315}",10,0,305,9.998720650653238,TSG_HBFS_01,TSG_HBFS_01,"{""8"": ""0x0""}"
2,0x3d0,318,"{""8"": 318}",10,0,308,10.034889888583473,TSG_FT_01,TSG_FT_01,"{""8"": ""0x40000000001""}"
2,0x3d4,31,"{""8"": 31}",1,0,30,1.0000169280131868,SMLS_01,SMLS_01,"{""8"": ""0xfff""}"
2,0x3d5,314,"{""8"": 314}",10,0,304,9.996760694520113,Licht_Anf_01,Licht_Anf_01,"{""8"": ""0x2000fff""}"
2,0x3d6,316,"{""8"": 316}",10,0,306,10.00007941868156,Licht_hinten_01,Licht_hinten_01,"{""8"": ""0x800""}"
2,0x3db,315,"{""8"": 315}",10,0,305,9.999989668538912,Gateway_72,Gateway_72,"{""8"": ""0xf00000000000000""}"
2,0x3dc,636,"{""8"": 636}",20,0,616,20.011545116001095,Gateway_73,Gateway_73,"{""8"": ""0x30005000000c800""}"
2,0x3e5,317,"{""8"": 317}",10,0,307,9.993947504726046,TSG_FT_02,TSG_FT_02,"{""8"": ""0x3fff""}"
2,0x3ec,168,"{""8"": 168}",5,0,163,5.046552293925325,MEB_TSK_01,MEB_TSK_01,"{""8"": ""0x60000000000000""}"
2,0x3fb,394,"{""8"": 394}",13,0,381,12.502107752071424,,,"{""8"": ""0x6700000000000000""}"
2,0x407,112616,"{""8"": 112616}",103050,0,9566,10.000053932217726,PLA_04,PLA_04,"{""8"": ""0x0""}"
2,0x464,209,"{""8"": 209}",7,0,202,6.66334072842596,PSD_06,PSD_06,"{""8"": ""0x0""}"
2,0x481,64,"{""8"": 64}",2,0,62,1.9997854462979237,MainUnit_01,MainUnit_01,"{""8"": ""0x0""}"
2,0x48b,315,"{""8"": 315}",10,0,305,10.001503578502033,BEM_06,BEM_06,"{""8"": ""0xc000fff""}"
2,0x497,112617,"{""8"": 112617}",103050,0,9567,10.000048999368763,Parkhilfe_01,Parkhilfe_01,"{""8"": ""0xc00000""}"
2,0x520,162,"{""8"": 162}",6,0,156,5.004083568342577,Airbag_02,Airbag_02,"{""8"": ""0x10504000fff""}"
2,0x54b,22666,"{""8"": 22666}",20730,0,1936,1.9999756816006684,Parkhilfe_04,Parkhilfe_04,"{""8"": ""0x7f4100ffe00038""}"
2,0x551,159,"{""8"": 159}",5,0,154,5.003336764591731,WFS_01,WFS_01,"{""8"": ""0x80003""}"
2,0x555,11262,"{""8"": 11262}",10307,0,955,0.9999963045256948,,,"{""8"": ""0x0""}"
2,0x582,158,"{""4"": 158}",5,0,153,5.001483829528847,,,"{""4"": ""0x6303""}"
2,0x583,159,"{""8"": 159}",5,0,154,5.0022126090390495,ZV_02,ZV_02,"{""8"": ""0x13000000""}"
2,0x585,34,"{""8"": 34}",1,0,33,1.0001377126130373,Systeminfo_01,Systeminfo_01,"{""8"": ""0x1""}"
2,0x592,156,"{""8"": 156}",5,0,151,4.998958923668903,Kessy_04,Kessy_04,"{""8"": ""0x40000000""}"
2,0x5a0,156,"{""8"": 156}",5,0,151,4.998679184958202,RLS_01,RLS_01,"{""8"": ""0x300""}"
2,0x5a7,32,"{""8"": 32}",1,0,31,1.0003269288254693,TM_01,TM_01,"{""8"": ""0x0""}"
2,0x5bf,14,"{""4"": 14}",0,0,14,0.9966766782560943,,,"{""4"": ""0x0""}"
2,0x5f0,158,"{""8"": 158}",5,0,153,5.0013402715838575,Dimmung_01,Dimmung_01,"{""8"": ""0x0""}"
2,0x5f4,63,"{""8"": 63}",2,0,61,1.9996849556401521,Innenlicht_11,Innenlicht_11,"{""8"": ""0x0""}"
2,0x641,32,"{""8"": 32}",1,0,31,1.0005977226164173,Motor_Code_01,Motor_Code_01,"{""8"": ""0x2000000000000fff""}"
2,0x643,32,"{""8"": 32}",1,0,31,0.9999103030791796,Einheiten_01,Einheiten_01,"{""8"": ""0x0""}"
2,0x656,31,"{""8"": 31}",1,0,30,0.9999889136589801,ELV_01,ELV_01,"{""8"": ""0x1000fff""}"
2,0x658,32,"{""8"": 32}",1,0,31,1.0003058987238462,Licht_vorne_01,Licht_vorne_01,"{""8"": ""0x0""}"
2,0x65d,32,"{""8"": 32}",1,0,31,0.999804961656883,ESP_20,ESP_20,"{""8"": ""0x10000000""}"
2,0x65f,63,"{""8"": 63}",2,0,61,2.00060703894891,Motor_16,Motor_16,"{""8"": ""0xff0120f000000000""}"
2,0x668,157,"{""8"": 157}",5,0,152,4.99700929616682,Klima_12,Klima_12,"{""8"": ""0x1000ff006f000000""}"
2,0x670,63,"{""8"": 63}",2,0,61,2.00060703894891,Motor_18,Motor_18,"{""8"": ""0x0""}"
2,0x6ae,31,"{""8"": 31}",1,0,30,0.9999936223785033,Spiegel_01,Spiegel_01,"{""8"": ""0x0""}"
2,0x6af,11262,"{""8"": 11262}",10307,0,955,0.9999973774025221,Rear_View_01,Rear_View_01,"{""8"": ""0x0""}"
2,0x6b2,32,"{""8"": 32}",1,0,31,0.9999103030791796,Diagnose_01,Diagnose_01,"{""8"": ""0x1ffe600000008501""}"
2,0x6b4,159,"{""8"": 159}",5,0,154,5.001607656651125,VIN_01,VIN_01,"{""8"": ""0x7d6f67757e7a5a03""}"
2,0x12dd5496,36,"{""24"": 36}",1,0,35,1.00026733867804,,,"{""24"": ""0x400000000000000000000000022200000020020""}"
2,0x12dd54a7,56315,"{""32"": 56315}",51530,0,4785,5.0000802688768955,MEB_Camera_04,VZE_04,"{""32"": ""0x0""}"
2,0x12dd54c9,406,"{""8"": 406}",12,0,394,12.510610904923917,SAL_01,SAL_01,"{""8"": ""0x40100fff""}"
2,0x12dd54d6,326,"{""8"": 326}",10,0,316,9.998350415590384,,,"{""8"": ""0x1dc000""}"
2,0x12dd54db,11261,"{""24"": 11261}",10305,0,956,0.9999911785903912,,,"{""24"": ""0x0""}"
2,0x12dd54e9,112631,"{""8"": 112631}",103062,0,9569,10.000192876129212,MEB_Camera_05,MEB_Camera_05,"{""8"": ""0x0""}"
2,0x12dd54ee,112627,"{""8"": 112627}",103059,0,9568,10.000094217333078,,,"{""8"": ""0x597b200000000000""}"
2,0x12dd5501,48,"{""8"": 48}",1,0,47,1.000500788973521,,,"{""8"": ""0x0""}"
2,0x12dd5502,112616,"{""8"": 112616}",103050,0,9566,10.000053932217726,AAA_01,AAA_01,"{""8"": ""0xfff""}"
2,0x12dd5524,22526,"{""64"": 22526}",20613,0,1913,2.0000322347114246,MEB_Camera_06,MEB_Camera_06,"{""64"": ""0x0""}"
2,0x12dd5538,67,"{""8"": 67}",2,0,65,2.0014319174045916,,,"{""8"": ""0xced6""}"
2,0x12dd5539,67,"{""8"": 67}",2,0,65,2.0006880265258458,,,"{""8"": ""0x294""}"
2,0x12dd553a,67,"{""8"": 67}",2,0,65,2.002595259378404,,,"{""8"": ""0x3667""}"
2,0x12dd553b,67,"{""8"": 67}",2,0,65,2.000353494169683,,,"{""8"": ""0x1e14""}"
2,0x12dd553d,315,"{""8"": 315}",9,0,306,10.000595753084601,HVL_01,HVL_01,"{""8"": ""0x307f4fff""}"
2,0x12dd553f,317,"{""8"": 317}",10,0,307,10.014985573162358,,,"{""8"": ""0x3000""}"
2,0x16a9540a,32,"{""8"": 32}",1,0,31,1.0003058987238462,,,"{""8"": ""0x0""}"
2,0x16a9545f,11261,"{""8"": 11261}",10305,0,956,0.9999934435320622,IPA_02,IPA_02,"{""8"": ""0x0""}"
2,0x16a954ad,57032,"{""8"": 57032}",52240,0,4792,5.000222931310691,,MEB_AWV_01,"{""8"": ""0xff00000010029000""}"
2,0x16a954b2,32,"{""8"": 32}",1,0,31,0.9999436173273281,,,"{""8"": ""0x0""}"
2,0x16a954b3,11262,"{""16"": 11262}",10307,0,955,1.000007391030707,MEB_Camera_07,MEB_Camera_07,"{""16"": ""0x0""}"
2,0x16a954ba,63,"{""8"": 63}",2,0,61,2.000139961499858,,,"{""8"": ""0x0""}"
2,0x16a954c2,6092,"{""8"": 6092}",5591,0,501,1.5382579079851768,,MEB_Radar_Unknown_01,"{""8"": ""0xff7fffffffffffff""}"
2,0x16a954c4,8930,"{""8"": 8930}",8428,0,502,2.2898655621688406,MEB_Camera_08,MEB_Camera_08,"{""8"": ""0x1909ff1fffffff4""}"
2,0x16a954c5,5630,"{""8"": 5630}",5152,0,478,,,,"{""8"": ""0x0""}"
2,0x16a954c6,5658,"{""8"": 5658}",5161,0,497,1.2675868121253,,,"{""8"": ""0x3f0003fff3""}"
2,0x16a954fc,158,"{""8"": 158}",5,0,153,5.004413870381644,,,"{""8"": ""0x100000""}"
2,0x17330a00,2,"{""2"": 2}",0,0,2,,,,"{""2"": ""0x300""}"
2,0x17330a10,22469,"{""3"": 1911, ""4"": 1923, ""5"": 636, ""8"": 17999}",21306,0,1163,2.303897798283704,,,"{""3"": ""0x1a8ff5"", ""4"": ""0x707b172"", ""5"": ""0x0"", ""8"": ""0xfffffffffffffff7""}"
2,0x17330b00,2,"{""2"": 2}",0,0,2,,,,"{""2"": ""0x300""}"
2,0x17330b10,12400,"{""3"": 3374, ""4"": 3378, ""5"": 2249, ""6"": 1144, ""8"": 2255}",11337,0,1063,0.9999872447687729,,,"{""3"": ""0xa0b00"", ""4"": ""0xe0f00"", ""5"": ""0x40e9f2"", ""6"": ""0xb0b00070070"", ""8"": ""0xc53f3d3bcb77eff3""}"
2,0x17331a00,2,"{""2"": 2}",0,0,2,,,,"{""2"": ""0x300""}"
2,0x17331a02,1,"{""2"": 1}",0,0,1,,,,"{""2"": ""0x0""}"
2,0x17331a10,11279,"{""2"": 1, ""3"": 3755, ""4"": 3763, ""5"": 1250, ""8"": 2510}",10311,0,968,0.666778424238898,,,"{""2"": ""0x0"", ""3"": ""0xb1f70"", ""4"": ""0x1f1f9b76"", ""5"": ""0x0"", ""8"": ""0x4bfff5bb97f9bf7""}"
2,0x17333610,12765,"{""3"": 3001, ""4"": 2255, ""5"": 1501, ""6"": 3005, ""8"": 3003}",11681,0,1084,0.6666781639386475,,,"{""3"": ""0x1a1f00"", ""4"": ""0xff0700"", ""5"": ""0x97fd"", ""6"": ""0x1019ffd"", ""8"": ""0x85ff077e933f8fbd""}"
2,0x17335b10,51032,"{""2"": 4, ""3"": 3538, ""5"": 885, ""8"": 46605}",45160,0,5872,5.971692753950585,MEB_Camera_09,MEB_Camera_09,"{""2"": ""0xff00"", ""3"": ""0xa0b00"", ""5"": ""0x10"", ""8"": ""0xffffffffffffffff""}"
2,0x17335b11,381870,"{""2"": 666, ""8"": 381204}",380895,0,975,49.9998779489326,MEB_Camera_10,MEB_Camera_10,"{""2"": ""0xff00"", ""8"": ""0xffffffffffffff4f""}"
2,0x17f0000a,22524,"{""8"": 22524}",20611,0,1913,1.99996967361659,,,"{""8"": ""0x0""}"
2,0x17f00010,63,"{""8"": 63}",2,0,61,1.9997854462979237,,,"{""8"": ""0x0""}"
2,0x17f0004e,22526,"{""8"": 22526}",20613,0,1913,2.0000272754574193,,,"{""8"": ""0x0""}"
2,0x17f0004f,22526,"{""8"": 22526}",20613,0,1913,2.0000295643408275,MEB_Camera_11,MEB_Camera_11,"{""8"": ""0x1""}"
2,0x17f00057,22526,"{""8"": 22526}",20611,0,1915,2.000014305217065,,MEB_PACC_01,"{""8"": ""0x0""}"
2,0x17f00069,22525,"{""8"": 22525}",20613,0,1912,2.0000001907348817,,,"{""8"": ""0x0""}"
2,0x17fc0357,36,"{""8"": 36}",0,0,36,7.160151103892462,,,"{""8"": ""0xffffffffffff3700""}"
2,0x17fe034f,120,"{""8"": 120}",96,0,24,6.452455366566122,MEB_Camera_14,MEB_Camera_14,"{""8"": ""0xffffffffffff3300""}"
2,0x17fe0357,240,"{""8"": 240}",176,0,64,10.492790169413507,,,"{""8"": ""0xffffffffffff3f00""}"
2,0x1a555541,159,"{""8"": 159}",5,0,154,4.999851787510178,EML_02,EML_02,"{""8"": ""0x5c2e5a013fff""}"
2,0x1a555548,64,"{""8"": 64}",2,0,62,2.0015423261638072,,,"{""8"": ""0x0""}"
2,0x1a555553,34,"{""8"": 34}",1,0,33,1.0005884531534472,,,"{""8"": ""0x10000""}"
2,0x1a555564,32,"{""8"": 32}",1,0,31,0.9996615611576327,,,"{""8"": ""0x0""}"
2,0x1a555591,11262,"{""8"": 11262}",10307,0,955,1.000009358016805,,,"{""8"": ""0xf3ffffffffffffff""}"
2,0x1a555592,11262,"{""8"": 11262}",10307,0,955,1.0000068545811376,MEB_Camera_12,MEB_Camera_12,"{""8"": ""0x7ffffffffffffe""}"
2,0x1a5555a6,32,"{""8"": 32}",1,0,31,0.9999103030791796,,,"{""8"": ""0x0""}"
2,0x1a5555bf,32,"{""8"": 32}",1,0,31,0.999941830845267,,,"{""8"": ""0x0""}"
2,0x1a555628,30,"{""8"": 30}",1,0,29,1.0000546614412182,,,"{""8"": ""0x3ffc400000000""}"
2,0x1a55566b,32,"{""16"": 32}",1,0,31,1.0002521328473266,,,"{""16"": ""0x0""}"
2,0x1b00000a,56307,"{""8"": 56307}",51521,0,4786,4.9999541048448,,,"{""8"": ""0x40d0000""}"
2,0x1b000010,156,"{""8"": 156}",5,0,151,5.00216488356707,,,"{""8"": ""0x8000c450000""}"
2,0x1b00004e,56314,"{""8"": 56314}",51530,0,4784,5.000066076879428,,,"{""8"": ""0xb800050d0000""}"
2,0x1b00004f,56313,"{""8"": 56313}",51528,0,4785,5.00006777991487,MEB_Camera_13,MEB_Camera_13,"{""8"": ""0x40d0000""}"
2,0x1b000057,56311,"{""8"": 56311}",51528,0,4783,4.999999233654685,,MEB_Unknown_01,"{""8"": ""0x40d0000""}"
2,0x1b000069,56314,"{""8"": 56314}",51528,0,4786,5.000003491131632,,,"{""8"": ""0x50d0000""}"
2,0x1c40014e,7,"{""16"": 7}",0,0,7,,,,"{""16"": ""0x7bffffffcfffffffff03000000""}"
2,0x1c40014f,10,"{""16"": 10}",0,0,10,,,,"{""16"": ""0x7fffffffffffffffff03000000""}"
2,0x1c400157,10,"{""16"": 10}",0,0,10,3.9460414338816268,,,"{""16"": ""0x7fffffffffffffffff03000000""}"
2,0x1c40018a,2,"{""16"": 2}",1,0,1,,,,"{""16"": ""0x6fd55605071fadabf000000000""}"
2,0x1c42014e,17,"{""16"": 8, ""8"": 9}",0,0,17,,,,"{""16"": ""0x7bffffffffffffffff03000000"", ""8"": ""0x0""}"
2,0x1c42014f,16,"{""16"": 12, ""8"": 4}",0,0,16,,,,"{""16"": ""0x7fffffffffffffffff03000000"", ""8"": ""0x0""}"
2,0x1c420157,18,"{""16"": 10, ""8"": 8}",0,0,18,3.4765331679277005,,,"{""16"": ""0x7fffffffffffffffff03000000"", ""8"": ""0x0""}"
128,0xdb,11231,"{""48"": 11231}",10304,0,927,0.9999988079085256,AWV_03,AWV_03,"{""48"": ""0x2000000f0200200000000ff00fefcffff""}"
128,0x126,11231,"{""8"": 11231}",10306,0,925,1.0000141861066993,HCA_01,HCA_01,"{""8"": ""0xfff""}"
128,0x14d,561563,"{""32"": 561563}",515242,0,46321,50.00155970352432,ACC_18,ACC_18,"{""32"": ""0x7ff000000000000000000000000000000000000400a7fe73505007ff400fff""}"
128,0x183,280790,"{""64"": 280790}",257629,0,23161,25.000490754542696,MEB_Camera_01,MEB_Camera_01,"{""64"": ""0xffffffffffffffffffffffffffffffffffffffffffffffffffffffffffffffffffffffffffffffffffff007ff7ff7fffffff007ff7ff7fffffffffffff780000""}"
128,0x1a4,22464,"{""8"": 22464}",20611,0,1853,1.999986648648773,EA_01,EA_01,"{""8"": ""0xfff""}"
128,0x1f0,561563,"{""8"": 561563}",515242,0,46321,50.00155970352432,EA_02,EA_02,"{""8"": ""0x400000300000000""}"
128,0x206,561510,"{""24"": 561510}",515194,0,46316,50.00163454080248,Parken_01,Parken_01,"{""24"": ""0x40000400b01000000000000000fff""}"
128,0x20b,561510,"{""8"": 561510}",515194,0,46316,50.00170187054343,,,"{""8"": ""0x0""}"
128,0x234,280790,"{""64"": 280790}",257629,0,23161,25.000485881269277,MEB_Camera_02,MEB_Camera_02,"{""64"": ""0x3fffffffffffffbfffffffffffffffffffffffffffffffffffffffffffffffffffffffffff7fff7fff7ffffffffffffffff000""}"
128,0x24c,224629,"{""16"": 224629}",206100,0,18529,20.000649758882922,MEB_Side_Assist_01,MEB_Side_Assist_01,"{""16"": ""0x80000000180000000000036cf9f000""}"
128,0x24d,224629,"{""64"": 224629}",206100,0,18529,20.000559235169533,MEB_Side_Assist_02,MEB_Side_Assist_02,"{""64"": ""0xbfffffeeffff7fffffffffeeffffffffffffffdeffff7fffffffffdeffff7fff7fdfffc8ffff7fff7fffffceffffffff3ff7df7ff3ff0000ff8000fffe3ff000""}"
128,0x24f,280776,"{""64"": 280776}",257617,0,23159,25.000244341158293,Strukturen_01,Strukturen_01,"{""64"": ""0x1f3efffffffffffffffffffffffffffffffffffffffffffffffffffff7fdfffffffff0000""}"
128,0x25d,187179,"{""8"": 187179}",171740,0,15439,16.666870433245215,KLR_01,KLR_01,"{""8"": ""0xffff7ff0fff""}"
128,0x268,280756,"{""32"": 280756}",257597,0,23159,25.000003655433872,,,"{""32"": ""0x0""}"
128,0x26b,561563,"{""8"": 561563}",515242,0,46321,50.00163322061329,TA_01,TA_01,"{""8"": ""0xcfff""}"
128,0x2b7,224629,"{""8"": 224629}",206100,0,18529,20.00069869860475,RCTA_01,RCTA_01,"{""8"": ""0x3000fc00000fff""}"
128,0x300,187188,"{""48"": 187188}",171748,0,15440,16.666895816562672,MEB_ACC_01,MEB_ACC_01,"{""48"": ""0x7fdff7fde0000000ffd8000ee00000000000007000024000000001ff00000020460001ff01f0000000000000000""}"
128,0x303,561563,"{""24"": 561563}",515242,0,46321,50.00155970352432,HCA_03,HCA_03,"{""24"": ""0x40000009fff7f6000""}"
128,0x318,140394,"{""8"": 140394}",128814,0,11580,12.500184889563823,MEB_Camera_03,MEB_Camera_03,"{""8"": ""0x40000000ffee1000""}"
128,0x352,112302,"{""8"": 112302}",103040,0,9262,10.000049410439342,Parken_SM_03,Parken_SM_03,"{""8"": ""0x7""}"
128,0x380,140379,"{""8"": 140379}",128798,0,11581,12.499901673247926,APS_Master,APS_Master,"{""8"": ""0xffc0003ff0610000""}"
128,0x397,112312,"{""8"": 112312}",103049,0,9263,10.000098848771913,LDW_02,LDW_02,"{""8"": ""0x601fff5000180000""}"
128,0x407,112302,"{""8"": 112302}",103040,0,9262,10.000051876863822,PLA_04,PLA_04,"{""8"": ""0x0""}"
128,0x497,112302,"{""8"": 112302}",103040,0,9262,10.00003009015949,Parkhilfe_01,Parkhilfe_01,"{""8"": ""0xc00000""}"
128,0x54b,22596,"{""8"": 22596}",20728,0,1868,1.9999736789354348,Parkhilfe_04,Parkhilfe_04,"{""8"": ""0x7f4100ffe00008""}"
128,0x555,11230,"{""8"": 11230}",10306,0,924,0.9999958276922739,,,"{""8"": ""0x0""}"
128,0x6af,11230,"{""8"": 11230}",10306,0,924,0.9999979734461846,Rear_View_01,Rear_View_01,"{""8"": ""0x0""}"
128,0x12dd54a7,56158,"{""32"": 56158}",51525,0,4633,5.000086300500224,MEB_Camera_04,VZE_04,"{""32"": ""0x0""}"
128,0x12dd54db,11229,"{""24"": 11229}",10304,0,925,0.9999901057268649,,,"{""24"": ""0x0""}"
128,0x12dd54e9,112316,"{""8"": 112316}",103052,0,9264,10.000177638699157,MEB_Camera_05,MEB_Camera_05,"{""8"": ""0x0""}"
128,0x12dd54ee,112313,"{""8"": 112313}",103049,0,9264,10.000102849900042,,,"{""8"": ""0x597b200000000000""}"
128,0x12dd5502,112302,"{""8"": 112302}",103040,0,9262,10.000071786431294,AAA_01,AAA_01,"{""8"": ""0xfff""}"
128,0x12dd5524,22463,"{""64"": 22463}",20611,0,1852,2.0000282291586573,MEB_Camera_06,MEB_Camera_06,"{""64"": ""0x0""}"
128,0x16a9545f,11229,"{""8"": 11229}",10304,0,925,0.9999883176261035,IPA_02,IPA_02,"{""8"": ""0x0""}"
128,0x16a954ad,56873,"{""8"": 56873}",52235,0,4638,5.00022787042654,,MEB_AWV_01,"{""8"": ""0xff00000000029000""}"
128,0x16a954b3,11231,"{""16"": 11231}",10306,0,925,1.0000066161593753,MEB_Camera_07,MEB_Camera_07,"{""16"": ""0x0""}"
128,0x16a954c2,6054,"{""8"": 6054}",5591,0,463,1.4819888162827461,,MEB_Radar_Unknown_01,"{""8"": ""0xff7ffffffffffff7""}"
128,0x16a954c4,8899,"{""8"": 8899}",8427,0,472,2.2845122839822682,MEB_Camera_08,MEB_Camera_08,"{""8"": ""0x1909ff1fffffff4""}"
128,0x16a954c5,5614,"{""8"": 5614}",5152,0,462,,,,"{""8"": ""0x0""}"
128,0x16a954c6,5636,"{""8"": 5636}",5161,0,475,1.2020143314201082,,,"{""8"": ""0x3f0003fff3""}"
128,0x17330a10,22417,"{""3"": 1905, ""4"": 1913, ""5"": 634, ""8"": 17965}",21305,0,1112,2.3078032834751654,,,"{""3"": ""0x1a0b00"", ""4"": ""0x707b172"", ""5"": ""0x0"", ""8"": ""0xffffffffffffbff2""}"
128,0x17330b10,12361,"{""3"": 3366, ""4"": 3370, ""5"": 2243, ""6"": 1139, ""8"": 2243}",11336,0,1025,0.9999846222381271,,,"{""3"": ""0xa0b00"", ""4"": ""0xe0f00"", ""5"": ""0x40e9f2"", ""6"": ""0xb0b00070070"", ""8"": ""0xc1040533c231cab2""}"
128,0x17331a10,11241,"{""3"": 3746, ""4"": 3753, ""5"": 1247, ""8"": 2495}",10310,0,931,0.6667264131768318,,,"{""3"": ""0xb1f70"", ""4"": ""0x1f1f0b70"", ""5"": ""0x0"", ""8"": ""0x403a848013b0100""}"
128,0x17333610,12729,"{""3"": 2994, ""4"": 2246, ""5"": 1498, ""6"": 2995, ""8"": 2996}",11680,0,1049,0.6666781639386475,,,"{""3"": ""0x1a1f00"", ""4"": ""0xff0700"", ""5"": ""0x97fd"", ""6"": ""0x1019ffd"", ""8"": ""0x85ff077e933f8fbd""}"
128,0x17335b10,50403,"{""2"": 4, ""3"": 3524, ""5"": 881, ""8"": 45994}",45140,0,5263,5.971590161628438,MEB_Camera_09,MEB_Camera_09,"{""2"": ""0xff00"", ""3"": ""0xa0b00"", ""5"": ""0x10"", ""8"": ""0xffffffffffffffff""}"
128,0x17335b11,381870,"{""2"": 666, ""8"": 381204}",380895,0,975,49.999889790859996,MEB_Camera_10,MEB_Camera_10,"{""2"": ""0xff00"", ""8"": ""0xffffffffffffff4f""}"
128,0x17f0000a,22460,"{""8"": 22460}",20609,0,1851,1.999960423299083,,,"{""8"": ""0x0""}"
128,0x17f0004e,22462,"{""8"": 22462}",20611,0,1851,2.0000382430717085,,,"{""8"": ""0x0""}"
128,0x17f0004f,22463,"{""8"": 22463}",20611,0,1852,2.0000292782301194,MEB_Camera_11,MEB_Camera_11,"{""8"": ""0x0""}"
128,0x17f00057,22463,"{""8"": 22463}",20609,0,1854,2.0000086784739413,,MEB_PACC_01,"{""8"": ""0x0""}"
128,0x17f00069,22462,"{""8"": 22462}",20611,0,1851,1.9999949455389014,,,"{""8"": ""0x0""}"
128,0x17fe034f,120,"{""8"": 120}",96,0,24,6.452455366566122,MEB_Camera_14,MEB_Camera_14,"{""8"": ""0xffffffffffff3300""}"
128,0x17fe0357,176,"{""8"": 176}",176,0,0,10.529610674664216,,,"{""8"": ""0xffffffffffff3f00""}"
128,0x1a555591,11230,"{""8"": 11230}",10306,0,924,1.0000113250107618,,,"{""8"": ""0xf3ffffffffffffff""}"
128,0x1a555592,11231,"{""8"": 11231}",10306,0,925,1.000009775257312,MEB_Camera_12,MEB_Camera_12,"{""8"": ""0x7ffffffffffffe""}"
128,0x1b00000a,56149,"{""8"": 56149}",51516,0,4633,4.9999541048448,,,"{""8"": ""0xc0000""}"
128,0x1b00004e,56156,"{""8"": 56156}",51525,0,4631,5.000069908710804,,,"{""8"": ""0xb800010c0000""}"
128,0x1b00004f,56157,"{""8"": 56157}",51523,0,4634,5.000067354155936,MEB_Camera_13,MEB_Camera_13,"{""8"": ""0xc0000""}"
128,0x1b000057,56154,"{""8"": 56154}",51523,0,4631,4.999996963003282,,MEB_Unknown_01,"{""8"": ""0xc0000""}"
128,0x1b000069,56155,"{""8"": 56155}",51523,0,4632,5.000003491131632,,,"{""8"": ""0x10c0000""}"
128,0x1c42014e,1,"{""16"": 1}",0,0,1,,,,"{""16"": ""0x0""}"
128,0x1c42014f,2,"{""16"": 2}",0,0,2,,,,"{""16"": ""0xe3dd84aaa21f6c1103000000""}"
130,0x40,280776,"{""8"": 280776}",257617,0,23159,25.000154731393632,Airbag_01,Airbag_01,"{""8"": ""0xff02800301000fff""}"
130,0x86,2246270,"{""8"": 2246270}",2060986,0,185284,200.3456942006062,LWI_01,LWI_01,"{""8"": ""0x3fffff0fff""}"
130,0x9f,1123135,"{""8"": 1123135}",1030493,0,92642,100.00857366513273,LH_EPS_03,LH_EPS_03,"{""8"": ""0x83ff008fff0fff""}"
130,0xad,1123095,"{""8"": 1123095}",1030454,0,92641,100.00730798426939,Getriebe_11,Getriebe_11,"{""8"": ""0x3c0000000fff""}"
130,0xb8,22462,"{""8"": 22462}",20610,0,1852,2.0000075340554853,EM1_HYB_13,EM1_HYB_13,"{""8"": ""0x0""}"
130,0xc0,1123127,"{""32"": 1123127}",1030487,0,92640,100.00951128425993,EM1_01,EM1_01,"{""32"": ""0x3ffffdffefff0001ff7ff1ff7fffff0ffffffffffff9fff""}"
130,0xfc,1123124,"{""48"": 1123124}",1030485,0,92639,100.00930421645418,ESC_51,ESC_51,"{""48"": ""0x1f42d287ffdfff00000000000000000000000000000000ffff3f3f3f3f00ffff7fff7fff7fff7fff1ff3ffffff3fefff""}"
130,0xfd,561563,"{""8"": 561563}",515242,0,46321,50.00173222165755,ESP_21,ESP_21,"{""8"": ""0x3fff06000fff""}"
130,0x102,561561,"{""48"": 561561}",515243,0,46318,50.0021603630844,ESC_50,ESC_50,"{""48"": ""0xe1200000000000003f1ff7fc000000007ff00c0000000000390000080dff0000004fff03ffff0fff""}"
130,0x105,561562,"{""8"": 561562}",515241,0,46321,50.00167693357992,VMM_01,VMM_01,"{""8"": ""0x3fe0bbf100100fff""}"
130,0x10b,561548,"{""32"": 561548}",515227,0,46321,50.00141324340324,Motor_51,Motor_51,"{""32"": ""0x7f000000000000000000000000000000000018005f0ff000fe00000023efffff""}"
130,0x116,561561,"{""8"": 561561}",515243,0,46318,50.00246378004898,ESP_10,ESP_10,"{""8"": ""0xffffffffffff0fff""}"
130,0x11d,561569,"{""8"": 561569}",515246,0,46323,50.00163852804083,LH_EPS_02,LH_EPS_02,"{""8"": ""0xff3f0fff""}"
130,0x12b,373054,"{""8"": 373054}",342264,0,30790,33.22235609397621,GRA_ACC_01,GRA_ACC_01,"{""8"": ""0x43f1fff""}"
130,0x139,561561,"{""32"": 561561}",515242,0,46319,50.0025313387288,VMM_02,VMM_02,"{""32"": ""0x7f3fffff320100093b91bfff""}"
130,0x13d,1123137,"{""32"": 1123137}",1030491,0,92646,100.00909520945805,QFK_01,QFK_01,"{""32"": ""0x1ffff000ffffff1711ff4fff""}"
130,0x14c,112488,"{""32"": 112488}",103219,0,9269,10.000264259103687,Motor_54,Motor_54,"{""32"": ""0xf880ff0000000000fe000010000020000223db6101010fff""}"
130,0x205,56784,"{""8"": 56784}",52069,0,4715,5.000011920957377,SAM_01,SAM_01,"{""8"": ""0x8460007400000fff""}"
130,0x20a,561540,"{""64"": 561540}",515219,0,46321,50.001635207564746,EML_06,EML_06,"{""64"": ""0x7fdff8ff003fffffff00fffffc30fffffffd00ffffffff8001007fffff03ffffffff""}"
130,0x20d,13297,"{""16"": 13297}",12025,0,1272,1.0000034570813483,,,"{""16"": ""0x58415b7200b77000""}"
130,0x25d,374358,"{""8"": 374358}",343482,0,30876,33.55125716992957,KLR_01,KLR_01,"{""8"": ""0xffff7ff0fff""}"
130,0x31b,224625,"{""8"": 224625}",206098,0,18527,20.00048479619538,ESP_24,ESP_24,"{""8"": ""0x17ff007ffe0fff""}"
130,0x366,18819,"{""8"": 18819}",17894,0,925,1.0000369562454743,Blinkmodi_02,Blinkmodi_02,"{""8"": ""0x241f800fff""}"
130,0x3be,112392,"{""8"": 112392}",103119,0,9273,10.00011641539255,Motor_14,Motor_14,"{""8"": ""0x54000fff""}"
130,0x3c0,112312,"{""4"": 112312}",103044,0,9268,10.000100451963291,Klemmen_Status_01,Klemmen_Status_01,"{""4"": ""0x60fff""}"
130,0x3ce,112325,"{""8"": 112325}",103055,0,9270,10.000137380318897,TSG_HFS_01,TSG_HFS_01,"{""8"": ""0xc103""}"
130,0x3cf,112330,"{""8"": 112330}",103058,0,9272,10.000116004316835,TSG_HBFS_01,TSG_HBFS_01,"{""8"": ""0x300000000000c203""}"
130,0x3d0,112432,"{""8"": 112432}",103096,0,9336,10.000407876832694,TSG_FT_01,TSG_FT_01,"{""8"": ""0x806407ffe08a03""}"
130,0x3d4,12157,"{""8"": 12157}",11229,0,928,1.0000181201403453,SMLS_01,SMLS_01,"{""8"": ""0x73ffff""}"
130,0x3d5,112308,"{""8"": 112308}",103044,0,9264,10.000115826183496,Licht_Anf_01,Licht_Anf_01,"{""8"": ""0x20002830fff""}"
130,0x3d6,112308,"{""8"": 112308}",103045,0,9263,9.999975418282805,Licht_hinten_01,Licht_hinten_01,"{""8"": ""0x800""}"
130,0x3db,112646,"{""8"": 112646}",103378,0,9268,10.000266832967561,Gateway_72,Gateway_72,"{""8"": ""0xff0e00008a000800""}"
130,0x3dc,224643,"{""8"": 224643}",206108,0,18535,20.000297906431733,Gateway_73,Gateway_73,"{""8"": ""0x7e04f0000009800""}"
130,0x3e5,112339,"{""8"": 112339}",103072,0,9267,10.000497908554134,TSG_FT_02,TSG_FT_02,"{""8"": ""0x1003fff""}"
130,0x3ec,56228,"{""8"": 56228}",51588,0,4640,5.00001668935628,MEB_TSK_01,MEB_TSK_01,"{""8"": ""0xe0000000000000""}"
130,0x3fb,140385,"{""8"": 140385}",128806,0,11579,12.500005376502546,,,"{""8"": ""0x670000000fffffff""}"
130,0x464,74873,"{""8"": 74873}",68699,0,6174,6.666670863394041,PSD_06,PSD_06,"{""8"": ""0x0""}"
130,0x481,22461,"{""8"": 22461}",20609,0,1852,1.99999952316296,MainUnit_01,MainUnit_01,"{""8"": ""0x0""}"
130,0x48b,112307,"{""8"": 112307}",103044,0,9263,9.9999758293473,BEM_06,BEM_06,"{""8"": ""0xfff""}"
130,0x520,56161,"{""8"": 56161}",51529,0,4632,5.000037551208225,Airbag_02,Airbag_02,"{""8"": ""0x1050104000fff""}"
130,0x551,56169,"{""8"": 56169}",51529,0,4640,5.000034358059604,WFS_01,WFS_01,"{""8"": ""0x400063""}"
130,0x582,56157,"{""4"": 56157}",51525,0,4632,5.000010728859081,,,"{""4"": ""0x807f1f""}"
130,0x583,56213,"{""8"": 56213}",51540,0,4673,5.000062883691181,ZV_02,ZV_02,"{""8"": ""0xc00000001f851008""}"
130,0x585,11239,"{""8"": 11239}",10305,0,934,0.9999959469005829,Systeminfo_01,Systeminfo_01,"{""8"": ""0x80000000400""}"
130,0x592,56159,"{""8"": 56159}",51523,0,4636,4.999986035522226,Kessy_04,Kessy_04,"{""8"": ""0x740000000""}"
130,0x5a0,56151,"{""8"": 56151}",51519,0,4632,4.999992052726662,RLS_01,RLS_01,"{""8"": ""0x30f001f00""}"
130,0x5a7,11231,"{""8"": 11231}",10304,0,927,0.9999787811967071,TM_01,TM_01,"{""8"": ""0x0""}"
130,0x5bf,155,"{""4"": 155}",149,0,6,1.4679366240791354,,,"{""4"": ""0x3001f""}"
130,0x5f0,56154,"{""8"": 56154}",51523,0,4631,4.999987312757842,Dimmung_01,Dimmung_01,"{""8"": ""0x0""}"
130,0x5f4,22472,"{""8"": 22472}",20613,0,1859,1.9999295259514054,Innenlicht_11,Innenlicht_11,"{""8"": ""0x4000000000""}"
130,0x641,11230,"{""8"": 11230}",10305,0,925,0.9999895096926952,Motor_Code_01,Motor_Code_01,"{""8"": ""0xfff""}"
130,0x643,11232,"{""8"": 11232}",10305,0,927,0.9999966621510339,Einheiten_01,Einheiten_01,"{""8"": ""0x0""}"
130,0x656,11238,"{""8"": 11238}",10307,0,931,1.0000083447199024,ELV_01,ELV_01,"{""8"": ""0x8fff""}"
130,0x658,12595,"{""8"": 12595}",11665,0,930,1.0000406520202565,Licht_vorne_01,Licht_vorne_01,"{""8"": ""0x3000000804e000""}"
130,0x65d,11231,"{""8"": 11231}",10303,0,928,0.9999930263051976,ESP_20,ESP_20,"{""8"": ""0x0""}"
130,0x65f,22461,"{""8"": 22461}",20608,0,1853,1.9999731385341952,Motor_16,Motor_16,"{""8"": ""0xff1f7ff000003000""}"
130,0x668,56383,"{""8"": 56383}",51752,0,4631,5.000129501540749,Klima_12,Klima_12,"{""8"": ""0x3c000f007f003000""}"
130,0x670,22461,"{""8"": 22461}",20608,0,1853,1.9999746325849406,Motor_18,Motor_18,"{""8"": ""0x0""}"
130,0x6ae,11234,"{""8"": 11234}",10307,0,927,1.0000212197038063,Spiegel_01,Spiegel_01,"{""8"": ""0x0""}"
130,0x6b2,11232,"{""8"": 11232}",10305,0,927,0.999993085909011,Diagnose_01,Diagnose_01,"{""8"": ""0x1ffe70000001ff01""}"
130,0x6b4,56153,"{""8"": 56153}",51522,0,4631,5.000008174364647,VIN_01,VIN_01,"{""8"": ""0x7d6f67757e7a5a03""}"
130,0x12dd5496,11230,"{""24"": 11230}",10305,0,925,0.9999973774025079,,,"{""24"": ""0x0""}"
130,0x12dd54c9,144447,"{""8"": 144447}",132813,0,11634,12.500743112939997,SAL_01,SAL_01,"{""8"": ""0x1ef030004e140fff""}"
130,0x12dd54d6,112359,"{""8"": 112359}",103063,0,9296,10.000010756252081,,,"{""8"": ""0x17c000""}"
130,0x12dd5501,11236,"{""8"": 11236}",10305,0,931,0.9999973177982113,,,"{""8"": ""0x9000""}"
130,0x12dd5538,22463,"{""8"": 22463}",20609,0,1854,1.9999876023107386,,,"{""8"": ""0xdfcf""}"
130,0x12dd5539,22463,"{""8"": 22463}",20609,0,1854,1.9999597557539546,,,"{""8"": ""0x294""}"
130,0x12dd553a,22463,"{""8"": 22463}",20609,0,1854,1.9999622352101918,,,"{""8"": ""0x6266""}"
130,0x12dd553b,22463,"{""8"": 22463}",20610,0,1853,1.9999890328055423,,,"{""8"": ""0x1414""}"
130,0x12dd553d,112308,"{""8"": 112308}",103045,0,9263,9.999987339167618,HVL_01,HVL_01,"{""8"": ""0x7f0fff""}"
130,0x12dd553f,112334,"{""8"": 112334}",103062,0,9272,9.999954454037574,,,"{""8"": ""0xf000""}"
130,0x16a9540a,11232,"{""8"": 11232}",10305,0,927,0.999993085909011,,,"{""8"": ""0x0""}"
130,0x16a954b2,11232,"{""8"": 11232}",10305,0,927,0.9999891322045467,,,"{""8"": ""0x0""}"
130,0x16a954ba,22462,"{""8"": 22462}",20610,0,1852,2.000003528601237,,,"{""8"": ""0x0""}"
130,0x16a954fc,56155,"{""8"": 56155}",51522,0,4633,4.999994550438453,,,"{""8"": ""0x0""}"
130,0x17330a00,2,"{""2"": 2}",0,0,2,,,,"{""2"": ""0x0""}"
130,0x17330a04,2,"{""2"": 2}",0,0,2,,,,"{""2"": ""0x0""}"
130,0x17335b00,1,"{""2"": 1}",0,0,1,,,,"{""2"": ""0x0""}"
130,0x17f00010,22461,"{""8"": 22461}",20609,0,1852,1.999999809265155,,,"{""8"": ""0x0""}"
130,0x17fc034f,90,"{""8"": 90}",72,0,18,4.650351329340545,,,"{""8"": ""0xffffffffffff3100""}"
130,0x17fc0357,99,"{""8"": 99}",99,0,0,6.533602841835265,,,"{""8"": ""0xffffffffffff3700""}"
130,0x1a555541,56152,"{""8"": 56152}",51521,0,4631,4.9999600652069605,EML_02,EML_02,"{""8"": ""0x7fbfdbe1ffff""}"
130,0x1a555548,22462,"{""8"": 22462}",20609,0,1853,1.999989605003984,,,"{""8"": ""0x0""}"
130,0x1a555553,11341,"{""8"": 11341}",10318,0,1023,1.0000121594955136,,,"{""8"": ""0x10000""}"
130,0x1a555564,11231,"{""8"": 11231}",10305,0,926,1.000001430513521,,,"{""8"": ""0x0""}"
130,0x1a5555a6,11232,"{""8"": 11232}",10305,0,927,0.9999967813595418,,,"{""8"": ""0xff0000""}"
130,0x1a5555bf,11230,"{""8"": 11230}",10305,0,925,0.9999766355251595,,,"{""8"": ""0x0""}"
130,0x1a555628,11230,"{""8"": 11230}",10305,0,925,0.9999935627398171,,,"{""8"": ""0x3ffee10000000""}"
130,0x1a55566b,11230,"{""16"": 11230}",10304,0,926,0.9999790196052253,,,"{""16"": ""0x0""}"
130,0x1b000010,56155,"{""8"": 56155}",51523,0,4632,4.99998688701254,,,"{""8"": ""0x810090c0000""}"
130,0x1c40014e,1,"{""16"": 1}",0,0,1,,,,"{""16"": ""0x0""}"
130,0x1c40014f,2,"{""16"": 2}",0,0,2,,,,"{""16"": ""0x21a8cecac3e9591703000000""}"
130,0x1c40018a,15,"{""16"": 15}",13,0,2,,,,"{""16"": ""0x7fffffffffffffffff00000000""}"
192,0x14d,44,"{""32"": 44}",6,0,38,53.181721103953194,ACC_18,ACC_18,"{""32"": ""0xa0000000000000000fff""}"
192,0x1f0,44,"{""8"": 44}",6,0,38,53.181721103953194,EA_02,EA_02,"{""8"": ""0x400000000000000""}"
192,0x25d,17,"{""8"": 17}",3,0,14,19.40569529791373,KLR_01,KLR_01,"{""8"": ""0xedfd7df0fff""}"
192,0x26b,44,"{""8"": 44}",6,0,38,53.181721103953194,TA_01,TA_01,"{""8"": ""0xfff""}"
192,0x300,16,"{""48"": 16}",2,0,14,17.328929449843017,MEB_ACC_01,MEB_ACC_01,"{""48"": ""0xa18000020000000000000000000000000000000000000000000012f0000000000000000000""}"
192,0x303,44,"{""24"": 44}",6,0,38,53.181721103953194,HCA_03,HCA_03,"{""24"": ""0x0""}"
192,0x397,10,"{""8"": 10}",2,0,8,,LDW_02,LDW_02,"{""8"": ""0x1eb70000100000""}"
194,0x25d,17,"{""8"": 17}",3,0,14,19.40569529791373,KLR_01,KLR_01,"{""8"": ""0xedfd7df0fff""}"
